Ruang 1,15:31:46,Ruang 1,Match
Ruang 1,15:31:46,Ruang 1,Match
Ruang 1,15:31:46,Ruang 1,Match
Ruang 1,15:31:47,Ruang 1,Match
Ruang 1,15:31:47,Ruang 1,Match
Ruang 1,15:31:47,Ruang 1,Match
Ruang 1,15:31:47,Ruang 1,Match
Ruang 1,15:31:47,Ruang 1,Match
Ruang 1,15:31:48,Ruang 1,Match
Ruang 1,15:31:48,Ruang 1,Match
Ruang 1,15:31:48,Ruang 1,Match
Ruang 1,15:31:48,Ruang 1,Match
Ruang 1,15:31:48,Ruang 1,Match
Ruang 1,15:31:48,Ruang 1,Match
Ruang 1,15:31:48,Ruang 1,Match
Ruang 1,15:31:48,Ruang 1,Match
Ruang 1,15:31:48,Ruang 1,Match
Ruang 1,15:31:48,Ruang 1,Match
Ruang 1,15:31:49,Ruang 1,Match
Ruang 1,15:31:49,Ruang 1,Match
Ruang 1,15:31:49,Ruang 1,Match
Ruang 1,15:31:49,Ruang 1,Match
Ruang 1,15:31:49,Ruang 1,Match
Ruang 1,15:31:49,Ruang 1,Match
Ruang 1,15:31:49,Ruang 1,Match
Ruang 1,15:31:49,Ruang 1,Match
Ruang 1,15:31:49,Ruang 1,Match
Ruang 1,15:31:49,Ruang 1,Match
Ruang 1,15:31:49,Ruang 1,Match
Ruang 1,15:31:49,Ruang 1,Match
Ruang 1,15:31:49,Ruang 1,Match
Ruang 1,15:31:49,Ruang 1,Match
Ruang 1,15:31:49,Ruang 1,Match
Ruang 1,15:31:49,Ruang 1,Match
Ruang 1,15:31:49,Ruang 1,Match
Ruang 1,15:31:49,Ruang 1,Match
Ruang 1,15:31:49,Ruang 1,Match
Ruang 1,15:31:49,Ruang 1,Match
Ruang 1,15:31:49,Ruang 1,Match
Ruang 1,15:31:50,Ruang 1,Match
Ruang 1,15:31:50,Ruang 1,Match
Ruang 1,15:31:50,Ruang 1,Match
Ruang 1,15:31:50,Ruang 1,Match
Ruang 1,15:31:50,Ruang 1,Match
Ruang 1,15:31:50,Ruang 1,Match
Ruang 1,15:31:50,Ruang 1,Match
Ruang 1,15:31:50,Ruang 1,Match
Ruang 1,15:31:50,Ruang 1,Match
Ruang 1,15:31:50,Ruang 1,Match
Ruang 1,15:31:50,Ruang 1,Match
Ruang 1,15:31:50,Ruang 1,Match
Ruang 1,15:31:51,Ruang 1,Match
Ruang 1,15:31:51,Ruang 1,Match
Ruang 1,15:31:51,Ruang 1,Match
Ruang 1,15:31:51,Ruang 1,Match
Ruang 1,15:31:51,Ruang 1,Match
Ruang 1,15:31:51,Ruang 1,Match
Ruang 1,15:31:51,Ruang 1,Match
Ruang 1,15:31:51,Ruang 1,Match
Ruang 1,15:31:51,Ruang 1,Match
Ruang 1,15:31:51,Ruang 1,Match
Ruang 1,15:31:51,Ruang 1,Match
Ruang 1,15:31:52,Ruang 1,Match
Ruang 1,15:31:52,Ruang 1,Match
Ruang 1,15:31:52,Ruang 1,Match
Ruang 1,15:31:52,Ruang 1,Match
Ruang 1,15:31:52,Ruang 1,Match
Ruang 1,15:31:52,Ruang 1,Match
Ruang 1,15:31:52,Ruang 1,Match
Ruang 1,15:31:52,Ruang 1,Match
Ruang 1,15:31:52,Ruang 1,Match
Ruang 1,15:31:52,Ruang 1,Match
Ruang 1,15:31:52,Ruang 1,Match
Ruang 1,15:31:52,Ruang 1,Match
Ruang 1,15:31:52,Ruang 1,Match
Ruang 1,15:31:53,Ruang 1,Match
Ruang 1,15:31:53,Ruang 1,Match
Ruang 1,15:31:53,Ruang 1,Match
Ruang 1,15:31:53,Ruang 1,Match
Ruang 1,15:31:53,Ruang 1,Match
Ruang 1,15:31:54,Ruang 1,Match
Ruang 1,15:31:54,Ruang 1,Match
Ruang 1,15:31:54,Ruang 1,Match
Ruang 1,15:31:54,Ruang 1,Match
Ruang 1,15:31:54,Ruang 1,Match
Ruang 1,15:31:54,Ruang 1,Match
Ruang 1,15:31:54,Ruang 1,Match
Ruang 1,15:31:55,Ruang 1,Match
Ruang 1,15:31:55,Ruang 1,Match
Ruang 1,15:31:55,Ruang 1,Match
Ruang 1,15:31:55,Ruang 1,Match
Ruang 1,15:31:55,Ruang 1,Match
Ruang 1,15:31:55,Ruang 1,Match
Ruang 1,15:31:55,Ruang 1,Match
Ruang 1,15:31:55,Ruang 1,Match
Ruang 1,15:31:55,Ruang 1,Match
Ruang 1,15:31:55,Ruang 1,Match
Ruang 1,15:31:55,Ruang 1,Match
Ruang 1,15:31:55,Ruang 1,Match
Ruang 1,15:31:55,Ruang 1,Match
Ruang 1,15:31:56,Ruang 1,Match
Ruang 1,15:31:56,Ruang 1,Match
Ruang 1,15:31:56,Ruang 1,Match
Ruang 1,15:31:56,Ruang 1,Match
Ruang 1,15:31:56,Ruang 1,Match
Ruang 1,15:31:56,Ruang 1,Match
Ruang 1,15:31:56,Ruang 1,Match
Ruang 1,15:31:56,Ruang 1,Match
Ruang 1,15:31:56,Ruang 1,Match
Ruang 1,15:31:56,Ruang 1,Match
Ruang 1,15:31:56,Ruang 1,Match
Ruang 1,15:31:56,Ruang 1,Match
Ruang 1,15:31:57,Ruang 1,Match
Ruang 1,15:31:57,Ruang 1,Match
Ruang 1,15:31:57,Ruang 1,Match
Ruang 1,15:31:57,Ruang 1,Match
Ruang 1,15:31:57,Ruang 1,Match
Ruang 1,15:31:57,Ruang 1,Match
Ruang 1,15:31:57,Ruang 1,Match
Ruang 1,15:31:57,Ruang 1,Match
Ruang 1,15:31:57,Ruang 1,Match
Ruang 1,15:31:57,Ruang 1,Match
Ruang 1,15:31:57,Ruang 1,Match
Ruang 1,15:31:57,Ruang 1,Match
Ruang 1,15:31:57,Ruang 1,Match
Ruang 1,15:31:57,Ruang 1,Match
Ruang 1,15:31:57,Ruang 1,Match
Ruang 1,15:31:57,Ruang 1,Match
Ruang 1,15:31:58,Ruang 1,Match
Ruang 1,15:31:58,Ruang 1,Match
Ruang 1,15:31:58,Ruang 1,Match
Ruang 1,15:31:58,Ruang 1,Match
Ruang 1,15:31:58,Ruang 1,Match
Ruang 1,15:31:58,Ruang 1,Match
Ruang 1,15:31:58,Ruang 1,Match
Ruang 1,15:31:58,Ruang 1,Match
Ruang 1,15:31:58,Ruang 1,Match
Ruang 1,15:31:58,Ruang 1,Match
Ruang 1,15:31:58,Ruang 1,Match
Ruang 1,15:31:58,Ruang 1,Match
Ruang 1,15:31:58,Ruang 1,Match
Ruang 1,15:31:58,Ruang 1,Match
Ruang 1,15:31:58,Ruang 1,Match
Ruang 2,15:31:58,Ruang 1,Mismatch
Ruang 1,15:31:59,Ruang 1,Match
Ruang 1,15:31:59,Ruang 1,Match
Ruang 1,15:31:59,Ruang 1,Match
Ruang 1,15:31:59,Ruang 1,Match
Ruang 1,15:31:59,Ruang 1,Match
Ruang 1,15:31:59,Ruang 1,Match
Ruang 1,15:31:59,Ruang 1,Match
Ruang 1,15:31:59,Ruang 1,Match
Ruang 1,15:31:59,Ruang 1,Match
Ruang 1,15:31:59,Ruang 1,Match
Ruang 1,15:31:59,Ruang 1,Match
Ruang 1,15:31:59,Ruang 1,Match
Ruang 1,15:31:59,Ruang 1,Match
Ruang 1,15:31:59,Ruang 1,Match
Ruang 1,15:31:59,Ruang 1,Match
Ruang 2,15:31:59,Ruang 1,Mismatch
Ruang 2,15:31:59,Ruang 1,Mismatch
Ruang 1,15:32:00,Ruang 1,Match
Ruang 1,15:32:00,Ruang 1,Match
Ruang 1,15:32:00,Ruang 1,Match
Ruang 1,15:32:00,Ruang 1,Match
Ruang 2,15:32:00,Ruang 1,Mismatch
Ruang 2,15:32:00,Ruang 1,Mismatch
Ruang 2,15:32:00,Ruang 1,Mismatch
Ruang 1,15:32:00,Ruang 1,Match
Ruang 1,15:32:00,Ruang 1,Match
Ruang 1,15:32:00,Ruang 1,Match
Ruang 1,15:32:00,Ruang 1,Match
Ruang 1,15:32:00,Ruang 1,Match
Ruang 1,15:32:00,Ruang 1,Match
Ruang 1,15:32:00,Ruang 1,Match
Ruang 1,15:32:00,Ruang 1,Match
Ruang 2,15:32:01,Ruang 1,Mismatch
Ruang 1,15:32:01,Ruang 1,Match
Ruang 1,15:32:01,Ruang 1,Match
Ruang 2,15:32:01,Ruang 1,Mismatch
Ruang 1,15:32:01,Ruang 1,Match
Ruang 1,15:32:01,Ruang 1,Match
Ruang 1,15:32:01,Ruang 1,Match
Ruang 1,15:32:01,Ruang 1,Match
Ruang 1,15:32:01,Ruang 1,Match
Ruang 1,15:32:01,Ruang 1,Match
Ruang 1,15:32:01,Ruang 1,Match
Ruang 1,15:32:02,Ruang 1,Match
Ruang 1,15:32:02,Ruang 1,Match
Ruang 1,15:32:02,Ruang 1,Match
Ruang 1,15:32:02,Ruang 1,Match
Ruang 1,15:32:02,Ruang 1,Match
Ruang 1,15:32:03,Ruang 1,Match
Ruang 1,15:32:03,Ruang 1,Match
Ruang 1,15:32:03,Ruang 1,Match
Ruang 1,15:32:03,Ruang 1,Match
Ruang 1,15:32:03,Ruang 1,Match
Ruang 1,15:32:03,Ruang 1,Match
Ruang 1,15:32:03,Ruang 1,Match
Ruang 1,15:32:03,Ruang 1,Match
Ruang 1,15:32:03,Ruang 1,Match
Ruang 1,15:32:03,Ruang 1,Match
Ruang 1,15:32:03,Ruang 1,Match
Ruang 1,15:32:03,Ruang 1,Match
Ruang 1,15:32:03,Ruang 1,Match
Ruang 1,15:32:03,Ruang 1,Match
Ruang 1,15:32:03,Ruang 1,Match
Ruang 1,15:32:04,Ruang 1,Match
Ruang 1,15:32:04,Ruang 1,Match
Ruang 1,15:32:04,Ruang 1,Match
Lorong,15:32:04,Ruang 1,Mismatch
Ruang 1,15:32:04,Ruang 1,Match
Ruang 1,15:32:04,Ruang 1,Match
Ruang 1,15:32:04,Ruang 1,Match
Ruang 1,15:32:04,Ruang 1,Match
Ruang 1,15:32:04,Ruang 1,Match
Ruang 1,15:32:04,Ruang 1,Match
Ruang 1,15:32:04,Ruang 1,Match
Ruang 1,15:32:04,Ruang 1,Match
Lorong,15:32:05,Ruang 1,Mismatch
Ruang 1,15:32:05,Ruang 1,Match
Ruang 1,15:32:05,Ruang 1,Match
Ruang 1,15:32:05,Ruang 1,Match
Ruang 1,15:32:05,Ruang 1,Match
Lorong,15:32:05,Ruang 1,Mismatch
Lorong,15:32:05,Ruang 1,Mismatch
Ruang 1,15:32:05,Ruang 1,Match
Ruang 1,15:32:05,Ruang 1,Match
Ruang 1,15:32:05,Ruang 1,Match
Ruang 1,15:32:05,Ruang 1,Match
Ruang 1,15:32:05,Ruang 1,Match
Ruang 1,15:32:06,Ruang 1,Match
Ruang 1,15:32:06,Ruang 1,Match
Ruang 1,15:32:06,Ruang 1,Match
Ruang 1,15:32:06,Ruang 1,Match
Ruang 1,15:32:06,Ruang 1,Match
Lorong,15:32:06,Ruang 1,Mismatch
Ruang 1,15:32:06,Ruang 1,Match
Ruang 1,15:32:06,Ruang 1,Match
Ruang 1,15:32:06,Ruang 1,Match
Ruang 1,15:32:06,Ruang 1,Match
Ruang 1,15:32:06,Ruang 1,Match
Ruang 1,15:32:06,Ruang 1,Match
Ruang 1,15:32:06,Ruang 1,Match
Ruang 1,15:32:06,Ruang 1,Match
Ruang 1,15:32:06,Ruang 1,Match
Ruang 1,15:32:07,Ruang 1,Match
Ruang 1,15:32:07,Ruang 1,Match
Ruang 1,15:32:07,Ruang 1,Match
Ruang 1,15:32:07,Ruang 1,Match
Ruang 1,15:32:07,Ruang 1,Match
Ruang 1,15:32:08,Ruang 1,Match
Ruang 1,15:32:08,Ruang 1,Match
Ruang 1,15:32:08,Ruang 1,Match
Ruang 1,15:32:08,Ruang 1,Match
Ruang 1,15:32:08,Ruang 1,Match
Ruang 1,15:32:08,Ruang 1,Match
Ruang 1,15:32:08,Ruang 1,Match
Ruang 1,15:32:08,Ruang 1,Match
Ruang 1,15:32:08,Ruang 1,Match
Ruang 1,15:32:08,Ruang 1,Match
Ruang 1,15:32:08,Ruang 1,Match
Ruang 1,15:32:08,Ruang 1,Match
Ruang 1,15:32:08,Ruang 1,Match
Ruang 1,15:32:08,Ruang 1,Match
Ruang 1,15:32:08,Ruang 1,Match
Ruang 1,15:32:09,Ruang 1,Match
Ruang 1,15:32:09,Ruang 1,Match
Ruang 1,15:32:09,Ruang 1,Match
Ruang 1,15:32:09,Ruang 1,Match
Ruang 1,15:32:09,Ruang 1,Match
Ruang 1,15:32:09,Ruang 1,Match
Ruang 1,15:32:09,Ruang 1,Match
Ruang 1,15:32:09,Ruang 1,Match
Ruang 1,15:32:09,Ruang 1,Match
Ruang 1,15:32:09,Ruang 1,Match
Ruang 1,15:32:09,Ruang 1,Match
Ruang 1,15:32:09,Ruang 1,Match
Ruang 1,15:32:09,Ruang 1,Match
Ruang 1,15:32:10,Ruang 1,Match
Ruang 1,15:32:10,Ruang 1,Match
Ruang 1,15:32:10,Ruang 1,Match
Ruang 1,15:32:10,Ruang 1,Match
Lorong,15:32:10,Ruang 1,Mismatch
Lorong,15:32:10,Ruang 1,Mismatch
Lorong,15:32:10,Ruang 1,Mismatch
Lorong,15:32:11,Ruang 1,Mismatch
Lorong,15:32:11,Ruang 1,Mismatch
Lorong,15:32:11,Ruang 1,Mismatch
Lorong,15:32:11,Ruang 1,Mismatch
Ruang 1,15:32:11,Ruang 1,Match
Ruang 1,15:32:11,Ruang 1,Match
Ruang 1,15:32:11,Ruang 1,Match
Ruang 1,15:32:11,Ruang 1,Match
Ruang 1,15:32:11,Ruang 1,Match
Ruang 1,15:32:11,Ruang 1,Match
Ruang 1,15:32:11,Ruang 1,Match
Ruang 1,15:32:12,Ruang 1,Match
Ruang 1,15:32:12,Ruang 1,Match
Ruang 1,15:32:12,Ruang 1,Match
Ruang 1,15:32:12,Ruang 1,Match
Ruang 1,15:32:12,Ruang 1,Match
Ruang 1,15:32:12,Ruang 1,Match
Ruang 1,15:32:12,Ruang 1,Match
Ruang 1,15:32:12,Ruang 1,Match
Ruang 1,15:32:12,Ruang 1,Match
Ruang 1,15:32:12,Ruang 1,Match
Ruang 1,15:32:12,Ruang 1,Match
Ruang 1,15:32:13,Ruang 1,Match
Ruang 1,15:32:13,Ruang 1,Match
Ruang 2,15:32:13,Ruang 1,Mismatch
Ruang 2,15:32:13,Ruang 1,Mismatch
Ruang 1,15:32:13,Ruang 1,Match
Ruang 1,15:32:13,Ruang 1,Match
Ruang 1,15:32:13,Ruang 1,Match
Ruang 1,15:32:13,Ruang 1,Match
Ruang 1,15:32:13,Ruang 1,Match
Ruang 1,15:32:13,Ruang 1,Match
Ruang 1,15:32:13,Ruang 1,Match
Ruang 1,15:32:13,Ruang 1,Match
Ruang 1,15:32:13,Ruang 1,Match
Ruang 1,15:32:13,Ruang 1,Match
Ruang 1,15:32:13,Ruang 1,Match
Ruang 1,15:32:13,Ruang 1,Match
Ruang 1,15:32:14,Ruang 1,Match
Ruang 1,15:32:14,Ruang 1,Match
Ruang 1,15:32:14,Ruang 1,Match
Ruang 1,15:32:14,Ruang 1,Match
Ruang 1,15:32:14,Ruang 1,Match
Ruang 1,15:32:14,Ruang 1,Match
Ruang 1,15:32:14,Ruang 1,Match
Ruang 1,15:32:14,Ruang 1,Match
Ruang 1,15:32:14,Ruang 1,Match
Ruang 1,15:32:14,Ruang 1,Match
Ruang 1,15:32:14,Ruang 1,Match
Ruang 1,15:32:14,Ruang 1,Match
Ruang 1,15:32:14,Ruang 1,Match
Ruang 1,15:32:15,Ruang 1,Match
Ruang 1,15:32:15,Ruang 1,Match
Ruang 1,15:32:15,Ruang 1,Match
Ruang 1,15:32:15,Ruang 1,Match
Ruang 1,15:32:15,Ruang 1,Match
Ruang 1,15:32:15,Ruang 1,Match
Ruang 1,15:32:15,Ruang 1,Match
Ruang 1,15:32:15,Ruang 1,Match
Ruang 1,15:32:15,Ruang 1,Match
Ruang 1,15:32:15,Ruang 1,Match
Ruang 1,15:32:15,Ruang 1,Match
Ruang 1,15:32:15,Ruang 1,Match
Ruang 1,15:32:15,Ruang 1,Match
Ruang 1,15:32:15,Ruang 1,Match
Ruang 1,15:32:15,Ruang 1,Match
Ruang 1,15:32:15,Ruang 1,Match
Ruang 1,15:32:15,Ruang 1,Match
Ruang 1,15:32:16,Ruang 1,Match
Ruang 1,15:32:16,Ruang 1,Match
Ruang 1,15:32:16,Ruang 1,Match
Ruang 1,15:32:16,Ruang 1,Match
Ruang 1,15:32:16,Ruang 1,Match
Ruang 1,15:32:16,Ruang 1,Match
Ruang 1,15:32:16,Ruang 1,Match
Ruang 1,15:32:16,Ruang 1,Match
Ruang 1,15:32:16,Ruang 1,Match
Ruang 1,15:32:16,Ruang 1,Match
Ruang 1,15:32:16,Ruang 1,Match
Ruang 1,15:32:16,Ruang 1,Match
Ruang 1,15:32:16,Ruang 1,Match
Ruang 1,15:32:17,Ruang 1,Match
Ruang 1,15:32:17,Ruang 1,Match
Ruang 1,15:32:17,Ruang 1,Match
Ruang 1,15:32:17,Ruang 1,Match
Ruang 1,15:32:17,Ruang 1,Match
Ruang 1,15:32:17,Ruang 1,Match
Ruang 1,15:32:17,Ruang 1,Match
Ruang 1,15:32:17,Ruang 1,Match
Ruang 1,15:32:17,Ruang 1,Match
Ruang 1,15:32:17,Ruang 1,Match
Ruang 1,15:32:17,Ruang 1,Match
Ruang 1,15:32:17,Ruang 1,Match
Ruang 1,15:32:17,Ruang 1,Match
Ruang 1,15:32:17,Ruang 1,Match
Ruang 1,15:32:17,Ruang 1,Match
Ruang 1,15:32:17,Ruang 1,Match
Ruang 1,15:32:18,Ruang 1,Match
Ruang 1,15:32:18,Ruang 1,Match
Ruang 1,15:32:18,Ruang 1,Match
Ruang 1,15:32:18,Ruang 1,Match
Ruang 1,15:32:18,Ruang 1,Match
Ruang 1,15:32:18,Ruang 1,Match
Ruang 1,15:32:18,Ruang 1,Match
Ruang 1,15:32:18,Ruang 1,Match
Ruang 1,15:32:19,Ruang 1,Match
Ruang 1,15:32:19,Ruang 1,Match
Ruang 1,15:32:19,Ruang 1,Match
Ruang 1,15:32:19,Ruang 1,Match
Ruang 1,15:32:19,Ruang 1,Match
Ruang 1,15:32:19,Ruang 1,Match
Ruang 1,15:32:19,Ruang 1,Match
Ruang 1,15:32:19,Ruang 1,Match
Ruang 1,15:32:19,Ruang 1,Match
Ruang 1,15:32:19,Ruang 1,Match
Ruang 1,15:32:19,Ruang 1,Match
Ruang 1,15:32:19,Ruang 1,Match
Ruang 1,15:32:20,Ruang 1,Match
Ruang 1,15:32:20,Ruang 1,Match
Ruang 1,15:32:20,Ruang 1,Match
Ruang 1,15:32:20,Ruang 1,Match
Ruang 1,15:32:20,Ruang 1,Match
Ruang 1,15:32:20,Ruang 1,Match
Ruang 1,15:32:20,Ruang 1,Match
Ruang 1,15:32:20,Ruang 1,Match
Ruang 1,15:32:20,Ruang 1,Match
Ruang 1,15:32:20,Ruang 1,Match
Ruang 1,15:32:20,Ruang 1,Match
Ruang 1,15:32:20,Ruang 1,Match
Ruang 1,15:32:21,Ruang 1,Match
Ruang 1,15:32:21,Ruang 1,Match
Ruang 1,15:32:21,Ruang 1,Match
Ruang 1,15:32:21,Ruang 1,Match
Ruang 1,15:32:21,Ruang 1,Match
Ruang 1,15:32:21,Ruang 1,Match
Ruang 1,15:32:21,Ruang 1,Match
Ruang 1,15:32:21,Ruang 1,Match
Ruang 1,15:32:21,Ruang 1,Match
Ruang 1,15:32:21,Ruang 1,Match
Ruang 1,15:32:21,Ruang 1,Match
Ruang 1,15:32:21,Ruang 1,Match
Ruang 1,15:32:21,Ruang 1,Match
Ruang 1,15:32:21,Ruang 1,Match
Ruang 1,15:32:21,Ruang 1,Match
Ruang 1,15:32:22,Ruang 1,Match
Ruang 1,15:32:22,Ruang 1,Match
Ruang 1,15:32:22,Ruang 1,Match
Ruang 1,15:32:22,Ruang 1,Match
Ruang 1,15:32:22,Ruang 1,Match
Ruang 1,15:32:22,Ruang 1,Match
Ruang 2,15:32:22,Ruang 1,Mismatch
Ruang 1,15:32:22,Ruang 1,Match
Ruang 1,15:32:22,Ruang 1,Match
Ruang 1,15:32:22,Ruang 1,Match
Ruang 1,15:32:23,Ruang 1,Match
Ruang 1,15:32:23,Ruang 1,Match
Ruang 1,15:32:23,Ruang 1,Match
Ruang 1,15:32:23,Ruang 1,Match
Ruang 1,15:32:23,Ruang 1,Match
Ruang 1,15:32:23,Ruang 1,Match
Ruang 1,15:32:24,Ruang 1,Match
Ruang 1,15:32:24,Ruang 1,Match
Ruang 1,15:32:24,Ruang 1,Match
Ruang 1,15:32:24,Ruang 1,Match
Ruang 1,15:32:24,Ruang 1,Match
Ruang 1,15:32:24,Ruang 1,Match
Ruang 1,15:32:25,Ruang 1,Match
Ruang 1,15:32:25,Ruang 1,Match
Ruang 1,15:32:25,Ruang 1,Match
Ruang 1,15:32:25,Ruang 1,Match
Ruang 1,15:32:25,Ruang 1,Match
Ruang 1,15:32:25,Ruang 1,Match
Ruang 1,15:32:25,Ruang 1,Match
Ruang 1,15:32:25,Ruang 1,Match
Ruang 1,15:32:25,Ruang 1,Match
Ruang 1,15:32:26,Ruang 1,Match
Ruang 1,15:32:26,Ruang 1,Match
Ruang 1,15:32:26,Ruang 1,Match
Ruang 1,15:32:26,Ruang 1,Match
Ruang 1,15:32:26,Ruang 1,Match
Ruang 1,15:32:26,Ruang 1,Match
Ruang 1,15:32:26,Ruang 1,Match
Ruang 1,15:32:26,Ruang 1,Match
Ruang 1,15:32:27,Ruang 1,Match
Ruang 1,15:32:27,Ruang 1,Match
Ruang 1,15:32:27,Ruang 1,Match
Ruang 1,15:32:27,Ruang 1,Match
Ruang 1,15:32:27,Ruang 1,Match
Ruang 1,15:32:27,Ruang 1,Match
Ruang 1,15:32:27,Ruang 1,Match
Ruang 1,15:32:27,Ruang 1,Match
Ruang 1,15:32:27,Ruang 1,Match
Ruang 1,15:32:28,Ruang 1,Match
Ruang 1,15:32:28,Ruang 1,Match
Ruang 1,15:32:28,Ruang 1,Match
Ruang 1,15:32:28,Ruang 1,Match
Ruang 1,15:32:28,Ruang 1,Match
Ruang 1,15:32:28,Ruang 1,Match
Ruang 1,15:32:28,Ruang 1,Match
Ruang 1,15:32:28,Ruang 1,Match
Ruang 1,15:32:28,Ruang 1,Match
Ruang 1,15:32:28,Ruang 1,Match
Ruang 1,15:32:28,Ruang 1,Match
Ruang 1,15:32:28,Ruang 1,Match
Ruang 1,15:32:28,Ruang 1,Match
Ruang 1,15:32:28,Ruang 1,Match
Ruang 1,15:32:29,Ruang 1,Match
Ruang 1,15:32:29,Ruang 1,Match
Ruang 1,15:32:29,Ruang 1,Match
Ruang 1,15:32:29,Ruang 1,Match
Ruang 1,15:32:29,Ruang 1,Match
Ruang 1,15:32:29,Ruang 1,Match
Ruang 1,15:32:29,Ruang 1,Match
Ruang 1,15:32:29,Ruang 1,Match
Ruang 1,15:32:29,Ruang 1,Match
Ruang 1,15:32:29,Ruang 1,Match
Ruang 1,15:32:29,Ruang 1,Match
Ruang 1,15:32:29,Ruang 1,Match
Ruang 1,15:32:29,Ruang 1,Match
Ruang 1,15:32:29,Ruang 1,Match
Ruang 1,15:32:29,Ruang 1,Match
Ruang 1,15:32:29,Ruang 1,Match
Ruang 1,15:32:29,Ruang 1,Match
Ruang 1,15:32:29,Ruang 1,Match
Ruang 1,15:32:30,Ruang 1,Match
Ruang 1,15:32:30,Ruang 1,Match
Ruang 1,15:32:30,Ruang 1,Match
Ruang 1,15:32:30,Ruang 1,Match
Ruang 1,15:32:30,Ruang 1,Match
Ruang 1,15:32:30,Ruang 1,Match
Ruang 1,15:32:30,Ruang 1,Match
Ruang 1,15:32:30,Ruang 1,Match
Ruang 1,15:32:30,Ruang 1,Match
Ruang 1,15:32:30,Ruang 1,Match
Ruang 1,15:32:30,Ruang 1,Match
Ruang 1,15:32:30,Ruang 1,Match
Ruang 1,15:32:30,Ruang 1,Match
Ruang 1,15:32:30,Ruang 1,Match
Ruang 1,15:32:30,Ruang 1,Match
Ruang 1,15:32:31,Ruang 1,Match
Ruang 1,15:32:31,Ruang 1,Match
Ruang 1,15:32:31,Ruang 1,Match
Ruang 1,15:32:31,Ruang 1,Match
Ruang 1,15:32:31,Ruang 1,Match
Ruang 1,15:32:31,Ruang 1,Match
Ruang 1,15:32:31,Ruang 1,Match
Ruang 1,15:32:31,Ruang 1,Match
Ruang 1,15:32:31,Ruang 1,Match
Ruang 1,15:32:31,Ruang 1,Match
Ruang 1,15:32:31,Ruang 1,Match
Ruang 1,15:32:31,Ruang 1,Match
Ruang 1,15:32:31,Ruang 1,Match
Ruang 1,15:32:31,Ruang 1,Match
Ruang 1,15:32:31,Ruang 1,Match
Ruang 1,15:32:31,Ruang 1,Match
Ruang 1,15:32:31,Ruang 1,Match
Ruang 1,15:32:31,Ruang 1,Match
Ruang 1,15:32:31,Ruang 1,Match
Ruang 1,15:32:32,Ruang 1,Match
Ruang 1,15:32:32,Ruang 1,Match
Ruang 1,15:32:32,Ruang 1,Match
Ruang 1,15:32:32,Ruang 1,Match
Ruang 1,15:32:32,Ruang 1,Match
Ruang 1,15:32:32,Ruang 1,Match
Ruang 1,15:32:32,Ruang 1,Match
Ruang 1,15:32:32,Ruang 1,Match
Ruang 1,15:32:32,Ruang 1,Match
Ruang 1,15:32:32,Ruang 1,Match
Ruang 1,15:32:32,Ruang 1,Match
Ruang 1,15:32:32,Ruang 1,Match
Ruang 1,15:32:32,Ruang 1,Match
Ruang 1,15:32:32,Ruang 1,Match
Ruang 1,15:32:32,Ruang 1,Match
Ruang 1,15:32:32,Ruang 1,Match
Ruang 1,15:32:33,Ruang 1,Match
Ruang 1,15:32:33,Ruang 1,Match
Ruang 1,15:32:33,Ruang 1,Match
Ruang 1,15:32:33,Ruang 1,Match
Ruang 1,15:32:33,Ruang 1,Match
Ruang 1,15:32:33,Ruang 1,Match
Ruang 1,15:32:33,Ruang 1,Match
Ruang 1,15:32:33,Ruang 1,Match
Ruang 1,15:32:33,Ruang 1,Match
Ruang 1,15:32:33,Ruang 1,Match
Ruang 1,15:32:33,Ruang 1,Match
Ruang 1,15:32:33,Ruang 1,Match
Ruang 1,15:32:33,Ruang 1,Match
Ruang 1,15:32:33,Ruang 1,Match
Ruang 1,15:32:33,Ruang 1,Match
Ruang 1,15:32:33,Ruang 1,Match
Ruang 1,15:32:34,Ruang 1,Match
Ruang 1,15:32:34,Ruang 1,Match
Ruang 1,15:32:34,Ruang 1,Match
Ruang 1,15:32:34,Ruang 1,Match
Ruang 1,15:32:34,Ruang 1,Match
Ruang 1,15:32:34,Ruang 1,Match
Ruang 1,15:32:34,Ruang 1,Match
Ruang 1,15:32:34,Ruang 1,Match
Ruang 1,15:32:34,Ruang 1,Match
Ruang 1,15:32:35,Ruang 1,Match
Ruang 1,15:32:35,Ruang 1,Match
Ruang 1,15:32:35,Ruang 1,Match
Ruang 1,15:32:35,Ruang 1,Match
Ruang 1,15:32:35,Ruang 1,Match
Ruang 1,15:32:35,Ruang 1,Match
Ruang 1,15:32:35,Ruang 1,Match
Ruang 1,15:32:35,Ruang 1,Match
Ruang 1,15:32:35,Ruang 1,Match
Ruang 1,15:32:35,Ruang 1,Match
Ruang 1,15:32:35,Ruang 1,Match
Ruang 1,15:32:35,Ruang 1,Match
Ruang 1,15:32:35,Ruang 1,Match
Ruang 1,15:32:35,Ruang 1,Match
Ruang 1,15:32:35,Ruang 1,Match
Ruang 1,15:32:35,Ruang 1,Match
Ruang 1,15:32:36,Ruang 1,Match
Ruang 1,15:32:36,Ruang 1,Match
Ruang 1,15:32:36,Ruang 1,Match
Ruang 1,15:32:36,Ruang 1,Match
Ruang 1,15:32:36,Ruang 1,Match
Ruang 1,15:32:36,Ruang 1,Match
Ruang 1,15:32:36,Ruang 1,Match
Ruang 1,15:32:36,Ruang 1,Match
Ruang 1,15:32:36,Ruang 1,Match
Ruang 1,15:32:36,Ruang 1,Match
Ruang 1,15:32:36,Ruang 1,Match
Ruang 1,15:32:36,Ruang 1,Match
Ruang 1,15:32:36,Ruang 1,Match
Ruang 1,15:32:36,Ruang 1,Match
Ruang 1,15:32:36,Ruang 1,Match
Ruang 1,15:32:36,Ruang 1,Match
Ruang 1,15:32:36,Ruang 1,Match
Ruang 1,15:32:36,Ruang 1,Match
Ruang 1,15:32:37,Ruang 1,Match
Ruang 1,15:32:37,Ruang 1,Match
Ruang 1,15:32:37,Ruang 1,Match
Ruang 1,15:32:37,Ruang 1,Match
Ruang 1,15:32:37,Ruang 1,Match
Ruang 1,15:32:37,Ruang 1,Match
Ruang 1,15:32:37,Ruang 1,Match
Ruang 1,15:32:37,Ruang 1,Match
Ruang 1,15:32:37,Ruang 1,Match
Ruang 1,15:32:37,Ruang 1,Match
Ruang 1,15:32:37,Ruang 1,Match
Ruang 1,15:32:37,Ruang 1,Match
Ruang 1,15:32:37,Ruang 1,Match
Ruang 2,15:32:37,Ruang 1,Mismatch
Ruang 2,15:32:38,Ruang 1,Mismatch
Ruang 1,15:32:38,Ruang 1,Match
Ruang 1,15:32:38,Ruang 1,Match
Ruang 1,15:32:38,Ruang 1,Match
Ruang 1,15:32:38,Ruang 1,Match
Ruang 1,15:32:38,Ruang 1,Match
Ruang 1,15:32:38,Ruang 1,Match
Ruang 1,15:32:38,Ruang 1,Match
Ruang 1,15:32:38,Ruang 1,Match
Ruang 1,15:32:38,Ruang 1,Match
Ruang 1,15:32:38,Ruang 1,Match
Ruang 1,15:32:38,Ruang 1,Match
Ruang 1,15:32:38,Ruang 1,Match
Ruang 1,15:32:38,Ruang 1,Match
Ruang 1,15:32:38,Ruang 1,Match
Ruang 1,15:32:38,Ruang 1,Match
Ruang 1,15:32:38,Ruang 1,Match
Ruang 1,15:32:38,Ruang 1,Match
Ruang 1,15:32:38,Ruang 1,Match
Ruang 1,15:32:38,Ruang 1,Match
Ruang 1,15:32:38,Ruang 1,Match
Ruang 1,15:32:38,Ruang 1,Match
Ruang 1,15:32:38,Ruang 1,Match
Ruang 1,15:32:39,Ruang 1,Match
Ruang 1,15:32:39,Ruang 1,Match
Ruang 1,15:32:39,Ruang 1,Match
Ruang 1,15:32:39,Ruang 1,Match
Ruang 1,15:32:39,Ruang 1,Match
Ruang 1,15:32:39,Ruang 1,Match
Ruang 1,15:32:39,Ruang 1,Match
Ruang 1,15:32:39,Ruang 1,Match
Ruang 1,15:32:39,Ruang 1,Match
Ruang 1,15:32:39,Ruang 1,Match
Ruang 1,15:32:39,Ruang 1,Match
Ruang 2,15:32:39,Ruang 1,Mismatch
Ruang 2,15:32:39,Ruang 1,Mismatch
Ruang 2,15:32:39,Ruang 1,Mismatch
Ruang 2,15:32:39,Ruang 1,Mismatch
Ruang 2,15:32:39,Ruang 1,Mismatch
Ruang 2,15:32:39,Ruang 1,Mismatch
Ruang 2,15:32:39,Ruang 1,Mismatch
Ruang 2,15:32:39,Ruang 1,Mismatch
Ruang 2,15:32:39,Ruang 1,Mismatch
Ruang 2,15:32:39,Ruang 1,Mismatch
Ruang 1,15:32:39,Ruang 1,Match
Ruang 2,15:32:40,Ruang 1,Mismatch
Ruang 2,15:32:40,Ruang 1,Mismatch
Ruang 1,15:32:40,Ruang 1,Match
Ruang 2,15:32:40,Ruang 1,Mismatch
Ruang 1,15:32:40,Ruang 1,Match
Ruang 1,15:32:40,Ruang 1,Match
Ruang 1,15:32:40,Ruang 1,Match
Ruang 2,15:32:40,Ruang 1,Mismatch
Ruang 2,15:32:40,Ruang 1,Mismatch
Ruang 1,15:32:40,Ruang 1,Match
Ruang 1,15:32:40,Ruang 1,Match
Ruang 1,15:32:40,Ruang 1,Match
Ruang 1,15:32:40,Ruang 1,Match
Ruang 1,15:32:40,Ruang 1,Match
Ruang 1,15:32:40,Ruang 1,Match
Ruang 1,15:32:40,Ruang 1,Match
Ruang 1,15:32:40,Ruang 1,Match
Ruang 1,15:32:40,Ruang 1,Match
Ruang 1,15:32:40,Ruang 1,Match
Ruang 1,15:32:40,Ruang 1,Match
Ruang 1,15:32:40,Ruang 1,Match
Ruang 1,15:32:40,Ruang 1,Match
Ruang 1,15:32:40,Ruang 1,Match
Ruang 1,15:32:41,Ruang 1,Match
Ruang 2,15:32:41,Ruang 1,Mismatch
Ruang 1,15:32:41,Ruang 1,Match
Ruang 1,15:32:41,Ruang 1,Match
Ruang 1,15:32:41,Ruang 1,Match
Ruang 1,15:32:41,Ruang 1,Match
Ruang 1,15:32:41,Ruang 1,Match
Ruang 1,15:32:41,Ruang 1,Match
Ruang 1,15:32:41,Ruang 1,Match
Ruang 1,15:32:41,Ruang 1,Match
Ruang 1,15:32:41,Ruang 1,Match
Ruang 1,15:32:41,Ruang 1,Match
Ruang 1,15:32:41,Ruang 1,Match
Ruang 1,15:32:41,Ruang 1,Match
Ruang 1,15:32:41,Ruang 1,Match
Ruang 1,15:32:41,Ruang 1,Match
Ruang 1,15:32:41,Ruang 1,Match
Ruang 1,15:32:41,Ruang 1,Match
Ruang 2,15:32:42,Ruang 1,Mismatch
Ruang 2,15:32:42,Ruang 1,Mismatch
Ruang 2,15:32:42,Ruang 1,Mismatch
Ruang 1,15:32:42,Ruang 1,Match
Ruang 1,15:32:42,Ruang 1,Match
Ruang 1,15:32:42,Ruang 1,Match
Ruang 1,15:32:42,Ruang 1,Match
Ruang 1,15:32:42,Ruang 1,Match
Ruang 1,15:32:42,Ruang 1,Match
Ruang 1,15:32:42,Ruang 1,Match
Ruang 1,15:32:42,Ruang 1,Match
Ruang 1,15:32:42,Ruang 1,Match
Ruang 1,15:32:42,Ruang 1,Match
Ruang 1,15:32:42,Ruang 1,Match
Ruang 1,15:32:42,Ruang 1,Match
Ruang 1,15:32:42,Ruang 1,Match
Ruang 1,15:32:42,Ruang 1,Match
Ruang 1,15:32:42,Ruang 1,Match
Ruang 1,15:32:42,Ruang 1,Match
Ruang 1,15:32:42,Ruang 1,Match
Ruang 1,15:32:42,Ruang 1,Match
Ruang 1,15:32:42,Ruang 1,Match
Ruang 1,15:32:42,Ruang 1,Match
Ruang 1,15:32:42,Ruang 1,Match
Ruang 1,15:32:43,Ruang 1,Match
Ruang 1,15:32:43,Ruang 1,Match
Ruang 1,15:32:43,Ruang 1,Match
Lorong,15:32:43,Ruang 1,Mismatch
Lorong,15:32:43,Ruang 1,Mismatch
Ruang 2,15:32:43,Ruang 1,Mismatch
Ruang 2,15:32:43,Ruang 1,Mismatch
Ruang 2,15:32:43,Ruang 1,Mismatch
Ruang 2,15:32:43,Ruang 1,Mismatch
Ruang 1,15:32:43,Ruang 1,Match
Ruang 1,15:32:43,Ruang 1,Match
Ruang 1,15:32:43,Ruang 1,Match
Ruang 1,15:32:43,Ruang 1,Match
Ruang 1,15:32:43,Ruang 1,Match
Ruang 1,15:32:43,Ruang 1,Match
Ruang 1,15:32:43,Ruang 1,Match
Ruang 1,15:32:44,Ruang 1,Match
Ruang 1,15:32:44,Ruang 1,Match
Ruang 1,15:32:44,Ruang 1,Match
Ruang 1,15:32:44,Ruang 1,Match
Ruang 1,15:32:44,Ruang 1,Match
Ruang 1,15:32:44,Ruang 1,Match
Ruang 1,15:32:44,Ruang 1,Match
Ruang 1,15:32:44,Ruang 1,Match
Ruang 1,15:32:44,Ruang 1,Match
Ruang 1,15:32:44,Ruang 1,Match
Ruang 1,15:32:44,Ruang 1,Match
Ruang 1,15:32:44,Ruang 1,Match
Ruang 1,15:32:44,Ruang 1,Match
Ruang 2,15:32:44,Ruang 1,Mismatch
Ruang 1,15:32:44,Ruang 1,Match
Ruang 1,15:32:44,Ruang 1,Match
Ruang 1,15:32:44,Ruang 1,Match
Ruang 1,15:32:45,Ruang 1,Match
Ruang 1,15:32:45,Ruang 1,Match
Ruang 1,15:32:45,Ruang 1,Match
Ruang 1,15:32:45,Ruang 1,Match
Ruang 1,15:32:45,Ruang 1,Match
Ruang 1,15:32:45,Ruang 1,Match
Ruang 1,15:32:45,Ruang 1,Match
Ruang 2,15:32:45,Ruang 1,Mismatch
Ruang 1,15:32:45,Ruang 1,Match
Ruang 1,15:32:45,Ruang 1,Match
Ruang 1,15:32:45,Ruang 1,Match
Ruang 1,15:32:45,Ruang 1,Match
Ruang 1,15:32:45,Ruang 1,Match
Ruang 1,15:32:45,Ruang 1,Match
Ruang 1,15:32:45,Ruang 1,Match
Ruang 1,15:32:45,Ruang 1,Match
Ruang 1,15:32:45,Ruang 1,Match
Ruang 1,15:32:46,Ruang 1,Match
Ruang 1,15:32:46,Ruang 1,Match
Ruang 1,15:32:46,Ruang 1,Match
Ruang 1,15:32:46,Ruang 1,Match
Ruang 1,15:32:46,Ruang 1,Match
Ruang 1,15:32:46,Ruang 1,Match
Ruang 1,15:32:47,Ruang 1,Match
Ruang 1,15:32:47,Ruang 1,Match
Lorong,15:33:33,Lorong,Match
Lorong,15:33:33,Lorong,Match
Lorong,15:33:33,Lorong,Match
Lorong,15:33:33,Lorong,Match
Lorong,15:33:33,Lorong,Match
Lorong,15:33:34,Lorong,Match
Lorong,15:33:34,Lorong,Match
Lorong,15:33:34,Lorong,Match
Lorong,15:33:34,Lorong,Match
Lorong,15:33:34,Lorong,Match
Lorong,15:33:34,Lorong,Match
Lorong,15:33:35,Lorong,Match
Lorong,15:33:35,Lorong,Match
Lorong,15:33:35,Lorong,Match
Lorong,15:33:35,Lorong,Match
Lorong,15:33:35,Lorong,Match
Lorong,15:33:35,Lorong,Match
Lorong,15:33:35,Lorong,Match
Lorong,15:33:35,Lorong,Match
Lorong,15:33:35,Lorong,Match
Lorong,15:33:35,Lorong,Match
Lorong,15:33:36,Lorong,Match
Lorong,15:33:36,Lorong,Match
Lorong,15:33:36,Lorong,Match
Lorong,15:33:36,Lorong,Match
Lorong,15:33:36,Lorong,Match
Lorong,15:33:36,Lorong,Match
Lorong,15:33:36,Lorong,Match
Lorong,15:33:36,Lorong,Match
Lorong,15:33:37,Lorong,Match
Lorong,15:33:37,Lorong,Match
Lorong,15:33:37,Lorong,Match
Lorong,15:33:37,Lorong,Match
Lorong,15:33:37,Lorong,Match
Lorong,15:33:37,Lorong,Match
Lorong,15:33:37,Lorong,Match
Lorong,15:33:37,Lorong,Match
Lorong,15:33:37,Lorong,Match
Lorong,15:33:37,Lorong,Match
Lorong,15:33:38,Lorong,Match
Lorong,15:33:38,Lorong,Match
Ruang 1,15:33:38,Lorong,Mismatch
Lorong,15:33:38,Lorong,Match
Lorong,15:33:38,Lorong,Match
Lorong,15:33:38,Lorong,Match
Ruang 1,15:33:38,Lorong,Mismatch
Ruang 1,15:33:38,Lorong,Mismatch
Ruang 1,15:33:38,Lorong,Mismatch
Ruang 1,15:33:38,Lorong,Mismatch
Ruang 1,15:33:38,Lorong,Mismatch
Lorong,15:33:38,Lorong,Match
Lorong,15:33:39,Lorong,Match
Lorong,15:33:39,Lorong,Match
Lorong,15:33:39,Lorong,Match
Lorong,15:33:39,Lorong,Match
Lorong,15:33:39,Lorong,Match
Lorong,15:33:39,Lorong,Match
Lorong,15:33:39,Lorong,Match
Lorong,15:33:40,Lorong,Match
Lorong,15:33:40,Lorong,Match
Lorong,15:33:40,Lorong,Match
Lorong,15:33:40,Lorong,Match
Lorong,15:33:40,Lorong,Match
Lorong,15:33:40,Lorong,Match
Lorong,15:33:40,Lorong,Match
Lorong,15:33:41,Lorong,Match
Lorong,15:33:41,Lorong,Match
Lorong,15:33:41,Lorong,Match
Lorong,15:33:41,Lorong,Match
Lorong,15:33:41,Lorong,Match
Lorong,15:33:41,Lorong,Match
Lorong,15:33:41,Lorong,Match
Lorong,15:33:41,Lorong,Match
Lorong,15:33:41,Lorong,Match
Lorong,15:33:41,Lorong,Match
Lorong,15:33:42,Lorong,Match
Lorong,15:33:42,Lorong,Match
Lorong,15:33:42,Lorong,Match
Lorong,15:33:42,Lorong,Match
Lorong,15:33:42,Lorong,Match
Lorong,15:33:42,Lorong,Match
Lorong,15:33:42,Lorong,Match
Lorong,15:33:42,Lorong,Match
Lorong,15:33:42,Lorong,Match
Lorong,15:33:42,Lorong,Match
Lorong,15:33:42,Lorong,Match
Lorong,15:33:42,Lorong,Match
Lorong,15:33:42,Lorong,Match
Lorong,15:33:43,Lorong,Match
Lorong,15:33:43,Lorong,Match
Lorong,15:33:43,Lorong,Match
Lorong,15:33:43,Lorong,Match
Lorong,15:33:43,Lorong,Match
Lorong,15:33:43,Lorong,Match
Lorong,15:33:43,Lorong,Match
Lorong,15:33:43,Lorong,Match
Lorong,15:33:43,Lorong,Match
Lorong,15:33:43,Lorong,Match
Lorong,15:33:43,Lorong,Match
Lorong,15:33:44,Lorong,Match
Lorong,15:33:44,Lorong,Match
Lorong,15:33:44,Lorong,Match
Lorong,15:33:44,Lorong,Match
Lorong,15:33:44,Lorong,Match
Lorong,15:33:44,Lorong,Match
Lorong,15:33:44,Lorong,Match
Lorong,15:33:44,Lorong,Match
Lorong,15:33:44,Lorong,Match
Lorong,15:33:44,Lorong,Match
Lorong,15:33:44,Lorong,Match
Lorong,15:33:45,Lorong,Match
Lorong,15:33:45,Lorong,Match
Lorong,15:33:45,Lorong,Match
Lorong,15:33:45,Lorong,Match
Lorong,15:33:45,Lorong,Match
Lorong,15:33:45,Lorong,Match
Lorong,15:33:45,Lorong,Match
Lorong,15:33:45,Lorong,Match
Lorong,15:33:45,Lorong,Match
Lorong,15:33:45,Lorong,Match
Lorong,15:33:46,Lorong,Match
Lorong,15:33:46,Lorong,Match
Lorong,15:33:46,Lorong,Match
Lorong,15:33:46,Lorong,Match
Lorong,15:33:46,Lorong,Match
Lorong,15:33:46,Lorong,Match
Lorong,15:33:46,Lorong,Match
Lorong,15:33:46,Lorong,Match
Lorong,15:33:46,Lorong,Match
Lorong,15:33:47,Lorong,Match
Lorong,15:33:47,Lorong,Match
Lorong,15:33:47,Lorong,Match
Lorong,15:33:47,Lorong,Match
Lorong,15:33:47,Lorong,Match
Lorong,15:33:47,Lorong,Match
Lorong,15:33:47,Lorong,Match
Lorong,15:33:47,Lorong,Match
Lorong,15:33:47,Lorong,Match
Lorong,15:33:47,Lorong,Match
Lorong,15:33:47,Lorong,Match
Lorong,15:33:47,Lorong,Match
Lorong,15:33:48,Lorong,Match
Lorong,15:33:48,Lorong,Match
Lorong,15:33:48,Lorong,Match
Lorong,15:33:48,Lorong,Match
Lorong,15:33:48,Lorong,Match
Lorong,15:33:48,Lorong,Match
Lorong,15:33:48,Lorong,Match
Lorong,15:33:48,Lorong,Match
Lorong,15:33:48,Lorong,Match
Lorong,15:33:48,Lorong,Match
Lorong,15:33:49,Lorong,Match
Lorong,15:33:49,Lorong,Match
Lorong,15:33:49,Lorong,Match
Lorong,15:33:49,Lorong,Match
Lorong,15:33:49,Lorong,Match
Lorong,15:33:49,Lorong,Match
Lorong,15:33:49,Lorong,Match
Lorong,15:33:49,Lorong,Match
Lorong,15:33:49,Lorong,Match
Lorong,15:33:50,Lorong,Match
Lorong,15:33:50,Lorong,Match
Lorong,15:33:50,Lorong,Match
Lorong,15:33:50,Lorong,Match
Lorong,15:33:50,Lorong,Match
Lorong,15:33:50,Lorong,Match
Lorong,15:33:50,Lorong,Match
Lorong,15:33:50,Lorong,Match
Lorong,15:33:50,Lorong,Match
Lorong,15:33:51,Lorong,Match
Lorong,15:33:51,Lorong,Match
Lorong,15:33:51,Lorong,Match
Lorong,15:33:51,Lorong,Match
Lorong,15:33:52,Lorong,Match
Lorong,15:33:52,Lorong,Match
Lorong,15:33:53,Lorong,Match
Lorong,15:33:53,Lorong,Match
Lorong,15:33:53,Lorong,Match
Lorong,15:33:54,Lorong,Match
Lorong,15:33:54,Lorong,Match
Lorong,15:33:54,Lorong,Match
Lorong,15:33:54,Lorong,Match
Lorong,15:33:54,Lorong,Match
Lorong,15:33:55,Lorong,Match
Lorong,15:33:55,Lorong,Match
Lorong,15:33:55,Lorong,Match
Lorong,15:33:55,Lorong,Match
Lorong,15:33:57,Lorong,Match
Lorong,15:33:57,Lorong,Match
Lorong,15:33:57,Lorong,Match
Lorong,15:33:57,Lorong,Match
Lorong,15:33:57,Lorong,Match
Lorong,15:33:57,Lorong,Match
Lorong,15:33:57,Lorong,Match
Ruang 1,15:33:58,Lorong,Mismatch
Ruang 1,15:33:58,Lorong,Mismatch
Lorong,15:33:58,Lorong,Match
Lorong,15:33:58,Lorong,Match
Lorong,15:33:58,Lorong,Match
Lorong,15:33:58,Lorong,Match
Lorong,15:33:58,Lorong,Match
Lorong,15:33:58,Lorong,Match
Lorong,15:33:58,Lorong,Match
Lorong,15:33:58,Lorong,Match
Lorong,15:33:59,Lorong,Match
Lorong,15:33:59,Lorong,Match
Lorong,15:33:59,Lorong,Match
Lorong,15:33:59,Lorong,Match
Lorong,15:33:59,Lorong,Match
Lorong,15:33:59,Lorong,Match
Ruang 1,15:33:59,Lorong,Mismatch
Ruang 1,15:33:59,Lorong,Mismatch
Ruang 1,15:33:59,Lorong,Mismatch
Ruang 2,15:33:59,Lorong,Mismatch
Ruang 2,15:33:59,Lorong,Mismatch
Lorong,15:34:00,Lorong,Match
Lorong,15:34:00,Lorong,Match
Ruang 2,15:34:00,Lorong,Mismatch
Ruang 2,15:34:00,Lorong,Mismatch
Ruang 2,15:34:00,Lorong,Mismatch
Lorong,15:34:00,Lorong,Match
Lorong,15:34:00,Lorong,Match
Lorong,15:34:00,Lorong,Match
Lorong,15:34:00,Lorong,Match
Lorong,15:34:01,Lorong,Match
Lorong,15:34:01,Lorong,Match
Lorong,15:34:01,Lorong,Match
Lorong,15:34:01,Lorong,Match
Lorong,15:34:01,Lorong,Match
Lorong,15:34:01,Lorong,Match
Lorong,15:34:01,Lorong,Match
Lorong,15:34:01,Lorong,Match
Lorong,15:34:01,Lorong,Match
Lorong,15:34:01,Lorong,Match
Lorong,15:34:01,Lorong,Match
Lorong,15:34:01,Lorong,Match
Lorong,15:34:01,Lorong,Match
Lorong,15:34:01,Lorong,Match
Lorong,15:34:01,Lorong,Match
Lorong,15:34:01,Lorong,Match
Lorong,15:34:01,Lorong,Match
Lorong,15:34:01,Lorong,Match
Lorong,15:34:01,Lorong,Match
Lorong,15:34:01,Lorong,Match
Lorong,15:34:02,Lorong,Match
Lorong,15:34:02,Lorong,Match
Lorong,15:34:02,Lorong,Match
Lorong,15:34:02,Lorong,Match
Lorong,15:34:02,Lorong,Match
Lorong,15:34:02,Lorong,Match
Lorong,15:34:02,Lorong,Match
Ruang 1,15:34:02,Lorong,Mismatch
Ruang 1,15:34:02,Lorong,Mismatch
Lorong,15:34:02,Lorong,Match
Lorong,15:34:02,Lorong,Match
Lorong,15:34:02,Lorong,Match
Lorong,15:34:02,Lorong,Match
Lorong,15:34:02,Lorong,Match
Lorong,15:34:02,Lorong,Match
Lorong,15:34:03,Lorong,Match
Lorong,15:34:03,Lorong,Match
Lorong,15:34:03,Lorong,Match
Lorong,15:34:03,Lorong,Match
Lorong,15:34:03,Lorong,Match
Lorong,15:34:03,Lorong,Match
Lorong,15:34:03,Lorong,Match
Lorong,15:34:04,Lorong,Match
Ruang 1,15:34:04,Lorong,Mismatch
Lorong,15:34:04,Lorong,Match
Lorong,15:34:04,Lorong,Match
Lorong,15:34:04,Lorong,Match
Lorong,15:34:04,Lorong,Match
Lorong,15:34:04,Lorong,Match
Lorong,15:34:04,Lorong,Match
Ruang 1,15:34:04,Lorong,Mismatch
Lorong,15:34:04,Lorong,Match
Lorong,15:34:05,Lorong,Match
Lorong,15:34:05,Lorong,Match
Lorong,15:34:05,Lorong,Match
Lorong,15:34:05,Lorong,Match
Lorong,15:34:05,Lorong,Match
Lorong,15:34:05,Lorong,Match
Lorong,15:34:05,Lorong,Match
Lorong,15:34:05,Lorong,Match
Lorong,15:34:05,Lorong,Match
Lorong,15:34:05,Lorong,Match
Lorong,15:34:05,Lorong,Match
Lorong,15:34:05,Lorong,Match
Lorong,15:34:05,Lorong,Match
Lorong,15:34:05,Lorong,Match
Lorong,15:34:06,Lorong,Match
Lorong,15:34:06,Lorong,Match
Lorong,15:34:06,Lorong,Match
Lorong,15:34:06,Lorong,Match
Lorong,15:34:06,Lorong,Match
Lorong,15:34:06,Lorong,Match
Lorong,15:34:06,Lorong,Match
Lorong,15:34:06,Lorong,Match
Lorong,15:34:07,Lorong,Match
Lorong,15:34:07,Lorong,Match
Lorong,15:34:07,Lorong,Match
Lorong,15:34:07,Lorong,Match
Ruang 2,15:34:07,Lorong,Mismatch
Ruang 2,15:34:07,Lorong,Mismatch
Ruang 2,15:34:07,Lorong,Mismatch
Lorong,15:34:07,Lorong,Match
Ruang 2,15:34:07,Lorong,Mismatch
Lorong,15:34:07,Lorong,Match
Ruang 2,15:34:07,Lorong,Mismatch
Ruang 2,15:34:07,Lorong,Mismatch
Ruang 2,15:34:08,Lorong,Mismatch
Lorong,15:34:08,Lorong,Match
Lorong,15:34:08,Lorong,Match
Ruang 2,15:34:08,Lorong,Mismatch
Lorong,15:34:08,Lorong,Match
Lorong,15:34:08,Lorong,Match
Lorong,15:34:08,Lorong,Match
Lorong,15:34:08,Lorong,Match
Lorong,15:34:08,Lorong,Match
Lorong,15:34:08,Lorong,Match
Lorong,15:34:08,Lorong,Match
Lorong,15:34:08,Lorong,Match
Lorong,15:34:08,Lorong,Match
Lorong,15:34:08,Lorong,Match
Lorong,15:34:08,Lorong,Match
Lorong,15:34:08,Lorong,Match
Lorong,15:34:08,Lorong,Match
Lorong,15:34:08,Lorong,Match
Ruang 2,15:34:09,Lorong,Mismatch
Lorong,15:34:09,Lorong,Match
Ruang 2,15:34:09,Lorong,Mismatch
Lorong,15:34:09,Lorong,Match
Ruang 2,15:34:09,Lorong,Mismatch
Ruang 2,15:34:09,Lorong,Mismatch
Ruang 2,15:34:09,Lorong,Mismatch
Ruang 2,15:34:09,Lorong,Mismatch
Ruang 2,15:34:09,Lorong,Mismatch
Ruang 2,15:34:09,Lorong,Mismatch
Ruang 2,15:34:09,Lorong,Mismatch
Ruang 2,15:34:09,Lorong,Mismatch
Ruang 2,15:34:09,Lorong,Mismatch
Lorong,15:34:09,Lorong,Match
Ruang 2,15:34:10,Lorong,Mismatch
Lorong,15:34:10,Lorong,Match
Lorong,15:34:10,Lorong,Match
Lorong,15:34:10,Lorong,Match
Lorong,15:34:10,Lorong,Match
Lorong,15:34:10,Lorong,Match
Lorong,15:34:10,Lorong,Match
Lorong,15:34:10,Lorong,Match
Lorong,15:34:10,Lorong,Match
Lorong,15:34:11,Lorong,Match
Lorong,15:34:11,Lorong,Match
Lorong,15:34:11,Lorong,Match
Lorong,15:34:11,Lorong,Match
Lorong,15:34:11,Lorong,Match
Lorong,15:34:11,Lorong,Match
Lorong,15:34:11,Lorong,Match
Lorong,15:34:11,Lorong,Match
Lorong,15:34:11,Lorong,Match
Lorong,15:34:11,Lorong,Match
Lorong,15:34:12,Lorong,Match
Lorong,15:34:12,Lorong,Match
Lorong,15:34:12,Lorong,Match
Lorong,15:34:12,Lorong,Match
Lorong,15:34:12,Lorong,Match
Lorong,15:34:12,Lorong,Match
Lorong,15:34:12,Lorong,Match
Lorong,15:34:12,Lorong,Match
Lorong,15:34:12,Lorong,Match
Lorong,15:34:13,Lorong,Match
Lorong,15:34:13,Lorong,Match
Lorong,15:34:13,Lorong,Match
Lorong,15:34:13,Lorong,Match
Lorong,15:34:13,Lorong,Match
Lorong,15:34:13,Lorong,Match
Lorong,15:34:13,Lorong,Match
Lorong,15:34:13,Lorong,Match
Lorong,15:34:13,Lorong,Match
Lorong,15:34:13,Lorong,Match
Lorong,15:34:14,Lorong,Match
Lorong,15:34:14,Lorong,Match
Lorong,15:34:14,Lorong,Match
Lorong,15:34:14,Lorong,Match
Lorong,15:34:14,Lorong,Match
Lorong,15:34:14,Lorong,Match
Lorong,15:34:14,Lorong,Match
Lorong,15:34:14,Lorong,Match
Lorong,15:34:14,Lorong,Match
Lorong,15:34:15,Lorong,Match
Lorong,15:34:15,Lorong,Match
Lorong,15:34:15,Lorong,Match
Lorong,15:34:15,Lorong,Match
Lorong,15:34:15,Lorong,Match
Lorong,15:34:15,Lorong,Match
Lorong,15:34:15,Lorong,Match
Lorong,15:34:15,Lorong,Match
Lorong,15:34:15,Lorong,Match
Lorong,15:34:15,Lorong,Match
Lorong,15:34:15,Lorong,Match
Lorong,15:34:15,Lorong,Match
Lorong,15:34:16,Lorong,Match
Lorong,15:34:16,Lorong,Match
Lorong,15:34:16,Lorong,Match
Lorong,15:34:16,Lorong,Match
Lorong,15:34:16,Lorong,Match
Lorong,15:34:16,Lorong,Match
Lorong,15:34:16,Lorong,Match
Lorong,15:34:16,Lorong,Match
Lorong,15:34:16,Lorong,Match
Lorong,15:34:16,Lorong,Match
Lorong,15:34:16,Lorong,Match
Lorong,15:34:16,Lorong,Match
Lorong,15:34:16,Lorong,Match
Lorong,15:34:16,Lorong,Match
Lorong,15:34:16,Lorong,Match
Lorong,15:34:17,Lorong,Match
Lorong,15:34:17,Lorong,Match
Lorong,15:34:17,Lorong,Match
Lorong,15:34:17,Lorong,Match
Lorong,15:34:17,Lorong,Match
Lorong,15:34:17,Lorong,Match
Lorong,15:34:17,Lorong,Match
Lorong,15:34:17,Lorong,Match
Lorong,15:34:17,Lorong,Match
Lorong,15:34:17,Lorong,Match
Lorong,15:34:18,Lorong,Match
Lorong,15:34:18,Lorong,Match
Lorong,15:34:18,Lorong,Match
Lorong,15:34:18,Lorong,Match
Lorong,15:34:18,Lorong,Match
Lorong,15:34:18,Lorong,Match
Lorong,15:34:18,Lorong,Match
Lorong,15:34:18,Lorong,Match
Lorong,15:34:18,Lorong,Match
Lorong,15:34:18,Lorong,Match
Lorong,15:34:18,Lorong,Match
Lorong,15:34:18,Lorong,Match
Lorong,15:34:19,Lorong,Match
Lorong,15:34:19,Lorong,Match
Lorong,15:34:19,Lorong,Match
Lorong,15:34:19,Lorong,Match
Lorong,15:34:19,Lorong,Match
Lorong,15:34:19,Lorong,Match
Lorong,15:34:20,Lorong,Match
Lorong,15:34:20,Lorong,Match
Lorong,15:34:20,Lorong,Match
Lorong,15:34:20,Lorong,Match
Lorong,15:34:20,Lorong,Match
Lorong,15:34:20,Lorong,Match
Lorong,15:34:20,Lorong,Match
Lorong,15:34:20,Lorong,Match
Lorong,15:34:21,Lorong,Match
Lorong,15:34:21,Lorong,Match
Lorong,15:34:21,Lorong,Match
Lorong,15:34:21,Lorong,Match
Lorong,15:34:21,Lorong,Match
Lorong,15:34:21,Lorong,Match
Lorong,15:34:21,Lorong,Match
Lorong,15:34:21,Lorong,Match
Lorong,15:34:21,Lorong,Match
Lorong,15:34:21,Lorong,Match
Lorong,15:34:21,Lorong,Match
Lorong,15:34:22,Lorong,Match
Lorong,15:34:22,Lorong,Match
Lorong,15:34:22,Lorong,Match
Lorong,15:34:22,Lorong,Match
Ruang 1,15:34:22,Lorong,Mismatch
Ruang 1,15:34:22,Lorong,Mismatch
Lorong,15:34:22,Lorong,Match
Lorong,15:34:22,Lorong,Match
Lorong,15:34:22,Lorong,Match
Lorong,15:34:22,Lorong,Match
Lorong,15:34:23,Lorong,Match
Ruang 1,15:34:23,Lorong,Mismatch
Ruang 1,15:34:23,Lorong,Mismatch
Ruang 1,15:34:23,Lorong,Mismatch
Ruang 1,15:34:23,Lorong,Mismatch
Lorong,15:34:23,Lorong,Match
Lorong,15:34:23,Lorong,Match
Lorong,15:34:23,Lorong,Match
Lorong,15:34:23,Lorong,Match
Lorong,15:34:24,Lorong,Match
Ruang 1,15:34:24,Lorong,Mismatch
Lorong,15:34:24,Lorong,Match
Lorong,15:34:24,Lorong,Match
Lorong,15:34:24,Lorong,Match
Lorong,15:34:24,Lorong,Match
Lorong,15:34:24,Lorong,Match
Lorong,15:34:24,Lorong,Match
Lorong,15:34:24,Lorong,Match
Lorong,15:34:24,Lorong,Match
Lorong,15:34:24,Lorong,Match
Ruang 1,15:34:24,Lorong,Mismatch
Lorong,15:34:24,Lorong,Match
Lorong,15:34:25,Lorong,Match
Lorong,15:34:25,Lorong,Match
Lorong,15:34:25,Lorong,Match
Lorong,15:34:25,Lorong,Match
Lorong,15:34:25,Lorong,Match
Ruang 1,15:34:25,Lorong,Mismatch
Ruang 1,15:34:25,Lorong,Mismatch
Ruang 1,15:34:25,Lorong,Mismatch
Ruang 1,15:34:25,Lorong,Mismatch
Ruang 1,15:34:25,Lorong,Mismatch
Ruang 1,15:34:25,Lorong,Mismatch
Ruang 1,15:34:25,Lorong,Mismatch
Lorong,15:34:25,Lorong,Match
Ruang 1,15:34:26,Lorong,Mismatch
Ruang 1,15:34:26,Lorong,Mismatch
Ruang 1,15:34:26,Lorong,Mismatch
Ruang 1,15:34:26,Lorong,Mismatch
Lorong,15:34:26,Lorong,Match
Lorong,15:34:26,Lorong,Match
Lorong,15:34:26,Lorong,Match
Lorong,15:34:26,Lorong,Match
Lorong,15:34:27,Lorong,Match
Lorong,15:34:27,Lorong,Match
Lorong,15:34:27,Lorong,Match
Lorong,15:34:27,Lorong,Match
Lorong,15:34:27,Lorong,Match
Lorong,15:34:27,Lorong,Match
Lorong,15:34:27,Lorong,Match
Lorong,15:34:27,Lorong,Match
Lorong,15:34:28,Lorong,Match
Lorong,15:34:28,Lorong,Match
Lorong,15:34:28,Lorong,Match
Lorong,15:34:28,Lorong,Match
Lorong,15:34:28,Lorong,Match
Lorong,15:34:28,Lorong,Match
Lorong,15:34:28,Lorong,Match
Lorong,15:34:28,Lorong,Match
Lorong,15:34:28,Lorong,Match
Lorong,15:34:28,Lorong,Match
Lorong,15:34:28,Lorong,Match
Lorong,15:34:28,Lorong,Match
Lorong,15:34:28,Lorong,Match
Lorong,15:34:29,Lorong,Match
Lorong,15:34:29,Lorong,Match
Lorong,15:34:29,Lorong,Match
Lorong,15:34:29,Lorong,Match
Lorong,15:34:29,Lorong,Match
Lorong,15:34:29,Lorong,Match
Lorong,15:34:29,Lorong,Match
Lorong,15:34:29,Lorong,Match
Lorong,15:34:29,Lorong,Match
Lorong,15:34:29,Lorong,Match
Lorong,15:34:29,Lorong,Match
Lorong,15:34:29,Lorong,Match
Lorong,15:34:30,Lorong,Match
Lorong,15:34:30,Lorong,Match
Lorong,15:34:30,Lorong,Match
Lorong,15:34:30,Lorong,Match
Lorong,15:34:30,Lorong,Match
Lorong,15:34:30,Lorong,Match
Lorong,15:34:30,Lorong,Match
Lorong,15:34:30,Lorong,Match
Lorong,15:34:30,Lorong,Match
Lorong,15:34:30,Lorong,Match
Lorong,15:34:30,Lorong,Match
Lorong,15:34:30,Lorong,Match
Lorong,15:34:30,Lorong,Match
Lorong,15:34:31,Lorong,Match
Lorong,15:34:31,Lorong,Match
Lorong,15:34:31,Lorong,Match
Lorong,15:34:31,Lorong,Match
Lorong,15:34:31,Lorong,Match
Lorong,15:34:31,Lorong,Match
Lorong,15:34:31,Lorong,Match
Lorong,15:34:31,Lorong,Match
Lorong,15:34:31,Lorong,Match
Lorong,15:34:31,Lorong,Match
Lorong,15:34:31,Lorong,Match
Lorong,15:34:31,Lorong,Match
Lorong,15:34:32,Lorong,Match
Lorong,15:34:32,Lorong,Match
Lorong,15:34:32,Lorong,Match
Lorong,15:34:32,Lorong,Match
Lorong,15:34:32,Lorong,Match
Lorong,15:34:32,Lorong,Match
Ruang 2,15:34:32,Lorong,Mismatch
Lorong,15:34:32,Lorong,Match
Lorong,15:34:32,Lorong,Match
Lorong,15:34:32,Lorong,Match
Lorong,15:34:32,Lorong,Match
Lorong,15:34:32,Lorong,Match
Lorong,15:34:32,Lorong,Match
Lorong,15:34:33,Lorong,Match
Lorong,15:34:33,Lorong,Match
Lorong,15:34:33,Lorong,Match
Lorong,15:34:33,Lorong,Match
Lorong,15:34:33,Lorong,Match
Lorong,15:34:33,Lorong,Match
Lorong,15:34:33,Lorong,Match
Lorong,15:34:33,Lorong,Match
Lorong,15:34:33,Lorong,Match
Lorong,15:34:33,Lorong,Match
Lorong,15:34:33,Lorong,Match
Lorong,15:34:33,Lorong,Match
Lorong,15:34:33,Lorong,Match
Lorong,15:34:34,Lorong,Match
Lorong,15:34:34,Lorong,Match
Lorong,15:34:34,Lorong,Match
Lorong,15:34:34,Lorong,Match
Lorong,15:34:34,Lorong,Match
Lorong,15:34:34,Lorong,Match
Lorong,15:34:34,Lorong,Match
Lorong,15:34:34,Lorong,Match
Lorong,15:34:34,Lorong,Match
Lorong,15:34:34,Lorong,Match
Lorong,15:34:35,Lorong,Match
Lorong,15:34:35,Lorong,Match
Lorong,15:34:35,Lorong,Match
Lorong,15:34:35,Lorong,Match
Lorong,15:34:35,Lorong,Match
Lorong,15:34:35,Lorong,Match
Lorong,15:34:35,Lorong,Match
Lorong,15:34:35,Lorong,Match
Lorong,15:34:35,Lorong,Match
Lorong,15:34:35,Lorong,Match
Lorong,15:34:36,Lorong,Match
Lorong,15:34:36,Lorong,Match
Lorong,15:34:36,Lorong,Match
Lorong,15:34:36,Lorong,Match
Lorong,15:34:36,Lorong,Match
Lorong,15:34:36,Lorong,Match
Lorong,15:34:36,Lorong,Match
Lorong,15:34:36,Lorong,Match
Lorong,15:34:36,Lorong,Match
Lorong,15:34:37,Lorong,Match
Lorong,15:34:37,Lorong,Match
Lorong,15:34:37,Lorong,Match
Lorong,15:34:37,Lorong,Match
Lorong,15:34:37,Lorong,Match
Lorong,15:34:37,Lorong,Match
Lorong,15:34:37,Lorong,Match
Lorong,15:34:38,Lorong,Match
Lorong,15:34:38,Lorong,Match
Lorong,15:34:38,Lorong,Match
Lorong,15:34:38,Lorong,Match
Lorong,15:34:38,Lorong,Match
Lorong,15:34:38,Lorong,Match
Lorong,15:34:38,Lorong,Match
Lorong,15:34:38,Lorong,Match
Lorong,15:34:38,Lorong,Match
Lorong,15:34:38,Lorong,Match
Lorong,15:34:39,Lorong,Match
Lorong,15:34:39,Lorong,Match
Lorong,15:34:39,Lorong,Match
Lorong,15:34:39,Lorong,Match
Lorong,15:34:39,Lorong,Match
Lorong,15:34:39,Lorong,Match
Lorong,15:34:39,Lorong,Match
Lorong,15:34:39,Lorong,Match
Lorong,15:34:39,Lorong,Match
Lorong,15:34:40,Lorong,Match
Lorong,15:34:40,Lorong,Match
Lorong,15:34:40,Lorong,Match
Lorong,15:34:40,Lorong,Match
Lorong,15:34:40,Lorong,Match
Lorong,15:34:40,Lorong,Match
Lorong,15:34:40,Lorong,Match
Lorong,15:34:40,Lorong,Match
Lorong,15:34:40,Lorong,Match
Lorong,15:34:40,Lorong,Match
Lorong,15:34:40,Lorong,Match
Lorong,15:34:40,Lorong,Match
Lorong,15:34:41,Lorong,Match
Lorong,15:34:41,Lorong,Match
Lorong,15:34:41,Lorong,Match
Lorong,15:34:41,Lorong,Match
Lorong,15:34:41,Lorong,Match
Lorong,15:34:41,Lorong,Match
Lorong,15:34:41,Lorong,Match
Lorong,15:34:41,Lorong,Match
Lorong,15:34:41,Lorong,Match
Lorong,15:34:42,Lorong,Match
Lorong,15:34:42,Lorong,Match
Lorong,15:34:42,Lorong,Match
Lorong,15:34:42,Lorong,Match
Lorong,15:34:42,Lorong,Match
Lorong,15:34:42,Lorong,Match
Lorong,15:34:42,Lorong,Match
Lorong,15:34:42,Lorong,Match
Lorong,15:34:42,Lorong,Match
Lorong,15:34:42,Lorong,Match
Lorong,15:34:42,Lorong,Match
Lorong,15:34:43,Lorong,Match
Lorong,15:34:43,Lorong,Match
Lorong,15:34:43,Lorong,Match
Lorong,15:34:43,Lorong,Match
Lorong,15:34:43,Lorong,Match
Lorong,15:34:43,Lorong,Match
Lorong,15:34:43,Lorong,Match
Lorong,15:34:44,Lorong,Match
Lorong,15:34:44,Lorong,Match
Lorong,15:34:44,Lorong,Match
Lorong,15:34:44,Lorong,Match
Lorong,15:34:44,Lorong,Match
Lorong,15:34:44,Lorong,Match
Lorong,15:34:44,Lorong,Match
Lorong,15:34:44,Lorong,Match
Lorong,15:34:44,Lorong,Match
Lorong,15:34:44,Lorong,Match
Ruang 1,15:34:44,Lorong,Mismatch
Ruang 1,15:34:45,Lorong,Mismatch
Lorong,15:34:45,Lorong,Match
Lorong,15:34:45,Lorong,Match
Lorong,15:34:45,Lorong,Match
Lorong,15:34:45,Lorong,Match
Lorong,15:34:45,Lorong,Match
Ruang 1,15:34:45,Lorong,Mismatch
Ruang 1,15:34:45,Lorong,Mismatch
Ruang 1,15:34:46,Lorong,Mismatch
Ruang 1,15:34:46,Lorong,Mismatch
Lorong,15:34:46,Lorong,Match
Lorong,15:34:46,Lorong,Match
Lorong,15:34:46,Lorong,Match
Lorong,15:34:46,Lorong,Match
Lorong,15:34:46,Lorong,Match
Lorong,15:34:46,Lorong,Match
Lorong,15:34:47,Lorong,Match
Lorong,15:34:47,Lorong,Match
Lorong,15:34:47,Lorong,Match
Lorong,15:34:47,Lorong,Match
Lorong,15:34:47,Lorong,Match
Lorong,15:34:47,Lorong,Match
Lorong,15:34:47,Lorong,Match
Lorong,15:34:48,Lorong,Match
Lorong,15:34:48,Lorong,Match
Lorong,15:34:48,Lorong,Match
Lorong,15:34:48,Lorong,Match
Lorong,15:34:48,Lorong,Match
Ruang 1,15:34:48,Lorong,Mismatch
Lorong,15:34:48,Lorong,Match
Ruang 1,15:34:48,Lorong,Mismatch
Ruang 1,15:34:48,Lorong,Mismatch
Ruang 1,15:34:48,Lorong,Mismatch
Lorong,15:34:49,Lorong,Match
Lorong,15:34:49,Lorong,Match
Lorong,15:34:49,Lorong,Match
Lorong,15:34:49,Lorong,Match
Lorong,15:34:49,Lorong,Match
Lorong,15:34:49,Lorong,Match
Lorong,15:34:49,Lorong,Match
Lorong,15:34:49,Lorong,Match
Lorong,15:34:49,Lorong,Match
Lorong,15:34:49,Lorong,Match
Lorong,15:34:50,Lorong,Match
Lorong,15:34:50,Lorong,Match
Lorong,15:34:50,Lorong,Match
Lorong,15:34:50,Lorong,Match
Lorong,15:34:50,Lorong,Match
Lorong,15:34:50,Lorong,Match
Lorong,15:34:50,Lorong,Match
Lorong,15:34:50,Lorong,Match
Lorong,15:34:50,Lorong,Match
Lorong,15:34:51,Lorong,Match
Lorong,15:34:51,Lorong,Match
Lorong,15:34:51,Lorong,Match
Lorong,15:34:51,Lorong,Match
Lorong,15:34:51,Lorong,Match
Lorong,15:34:51,Lorong,Match
Lorong,15:34:51,Lorong,Match
Lorong,15:34:51,Lorong,Match
Ruang 2,15:34:51,Lorong,Mismatch
Ruang 2,15:34:51,Lorong,Mismatch
Ruang 2,15:34:51,Lorong,Mismatch
Ruang 2,15:34:52,Lorong,Mismatch
Ruang 1,15:34:52,Lorong,Mismatch
Ruang 1,15:34:52,Lorong,Mismatch
Ruang 1,15:34:52,Lorong,Mismatch
Ruang 1,15:34:52,Lorong,Mismatch
Ruang 1,15:34:52,Lorong,Mismatch
Ruang 1,15:34:52,Lorong,Mismatch
Ruang 1,15:34:52,Lorong,Mismatch
Ruang 1,15:34:53,Lorong,Mismatch
Ruang 2,15:34:53,Lorong,Mismatch
Ruang 2,15:34:53,Lorong,Mismatch
Lorong,15:34:53,Lorong,Match
Lorong,15:34:53,Lorong,Match
Lorong,15:34:53,Lorong,Match
Lorong,15:34:53,Lorong,Match
Lorong,15:34:53,Lorong,Match
Lorong,15:34:53,Lorong,Match
Lorong,15:34:53,Lorong,Match
Lorong,15:34:53,Lorong,Match
Lorong,15:34:53,Lorong,Match
Lorong,15:34:53,Lorong,Match
Lorong,15:34:53,Lorong,Match
Lorong,15:34:54,Lorong,Match
Lorong,15:34:54,Lorong,Match
Lorong,15:34:54,Lorong,Match
Lorong,15:34:55,Lorong,Match
Lorong,15:34:55,Lorong,Match
Ruang 1,15:36:24,Ruang 2,Mismatch
Ruang 2,15:36:24,Ruang 2,Match
Ruang 2,15:36:24,Ruang 2,Match
Ruang 2,15:36:24,Ruang 2,Match
Ruang 2,15:36:24,Ruang 2,Match
Ruang 2,15:36:24,Ruang 2,Match
Ruang 2,15:36:24,Ruang 2,Match
Ruang 2,15:36:24,Ruang 2,Match
Ruang 2,15:36:25,Ruang 2,Match
Ruang 2,15:36:25,Ruang 2,Match
Ruang 2,15:36:25,Ruang 2,Match
Ruang 2,15:36:25,Ruang 2,Match
Ruang 2,15:36:25,Ruang 2,Match
Ruang 2,15:36:25,Ruang 2,Match
Ruang 2,15:36:25,Ruang 2,Match
Ruang 2,15:36:26,Ruang 2,Match
Ruang 2,15:36:26,Ruang 2,Match
Ruang 2,15:36:26,Ruang 2,Match
Ruang 2,15:36:26,Ruang 2,Match
Ruang 2,15:36:26,Ruang 2,Match
Ruang 2,15:36:26,Ruang 2,Match
Ruang 2,15:36:26,Ruang 2,Match
Ruang 2,15:36:26,Ruang 2,Match
Ruang 2,15:36:27,Ruang 2,Match
Ruang 2,15:36:27,Ruang 2,Match
Ruang 1,15:36:27,Ruang 2,Mismatch
Ruang 1,15:36:27,Ruang 2,Mismatch
Ruang 1,15:36:27,Ruang 2,Mismatch
Ruang 2,15:36:27,Ruang 2,Match
Ruang 2,15:36:27,Ruang 2,Match
Ruang 2,15:36:27,Ruang 2,Match
Ruang 2,15:36:27,Ruang 2,Match
Ruang 2,15:36:27,Ruang 2,Match
Ruang 2,15:36:27,Ruang 2,Match
Ruang 2,15:36:27,Ruang 2,Match
Ruang 2,15:36:27,Ruang 2,Match
Ruang 2,15:36:27,Ruang 2,Match
Ruang 2,15:36:27,Ruang 2,Match
Ruang 2,15:36:27,Ruang 2,Match
Ruang 2,15:36:27,Ruang 2,Match
Ruang 2,15:36:27,Ruang 2,Match
Ruang 2,15:36:27,Ruang 2,Match
Ruang 2,15:36:27,Ruang 2,Match
Ruang 1,15:36:27,Ruang 2,Mismatch
Ruang 1,15:36:28,Ruang 2,Mismatch
Ruang 1,15:36:28,Ruang 2,Mismatch
Ruang 1,15:36:28,Ruang 2,Mismatch
Ruang 2,15:36:28,Ruang 2,Match
Ruang 2,15:36:28,Ruang 2,Match
Ruang 2,15:36:28,Ruang 2,Match
Ruang 2,15:36:29,Ruang 2,Match
Ruang 2,15:36:29,Ruang 2,Match
Ruang 2,15:36:29,Ruang 2,Match
Ruang 1,15:36:29,Ruang 2,Mismatch
Ruang 1,15:36:29,Ruang 2,Mismatch
Ruang 2,15:36:29,Ruang 2,Match
Ruang 2,15:36:29,Ruang 2,Match
Ruang 2,15:36:29,Ruang 2,Match
Ruang 2,15:36:29,Ruang 2,Match
Ruang 1,15:36:29,Ruang 2,Mismatch
Ruang 2,15:36:29,Ruang 2,Match
Ruang 2,15:36:29,Ruang 2,Match
Ruang 2,15:36:29,Ruang 2,Match
Ruang 2,15:36:29,Ruang 2,Match
Ruang 2,15:36:29,Ruang 2,Match
Ruang 2,15:36:29,Ruang 2,Match
Ruang 2,15:36:29,Ruang 2,Match
Ruang 2,15:36:29,Ruang 2,Match
Ruang 1,15:36:29,Ruang 2,Mismatch
Ruang 1,15:36:30,Ruang 2,Mismatch
Ruang 1,15:36:30,Ruang 2,Mismatch
Ruang 2,15:36:30,Ruang 2,Match
Ruang 2,15:36:30,Ruang 2,Match
Ruang 2,15:36:30,Ruang 2,Match
Ruang 2,15:36:30,Ruang 2,Match
Ruang 2,15:36:30,Ruang 2,Match
Ruang 2,15:36:30,Ruang 2,Match
Ruang 2,15:36:30,Ruang 2,Match
Ruang 2,15:36:30,Ruang 2,Match
Ruang 2,15:36:30,Ruang 2,Match
Ruang 2,15:36:30,Ruang 2,Match
Ruang 2,15:36:30,Ruang 2,Match
Ruang 2,15:36:30,Ruang 2,Match
Ruang 2,15:36:30,Ruang 2,Match
Ruang 2,15:36:30,Ruang 2,Match
Ruang 2,15:36:30,Ruang 2,Match
Ruang 2,15:36:30,Ruang 2,Match
Ruang 2,15:36:30,Ruang 2,Match
Ruang 2,15:36:30,Ruang 2,Match
Ruang 2,15:36:31,Ruang 2,Match
Ruang 2,15:36:31,Ruang 2,Match
Ruang 2,15:36:31,Ruang 2,Match
Ruang 2,15:36:31,Ruang 2,Match
Ruang 2,15:36:31,Ruang 2,Match
Ruang 2,15:36:31,Ruang 2,Match
Ruang 2,15:36:31,Ruang 2,Match
Ruang 2,15:36:31,Ruang 2,Match
Ruang 2,15:36:31,Ruang 2,Match
Ruang 2,15:36:31,Ruang 2,Match
Ruang 2,15:36:31,Ruang 2,Match
Ruang 2,15:36:31,Ruang 2,Match
Ruang 2,15:36:31,Ruang 2,Match
Ruang 2,15:36:31,Ruang 2,Match
Ruang 2,15:36:31,Ruang 2,Match
Ruang 2,15:36:31,Ruang 2,Match
Ruang 2,15:36:31,Ruang 2,Match
Ruang 2,15:36:31,Ruang 2,Match
Ruang 2,15:36:31,Ruang 2,Match
Ruang 2,15:36:31,Ruang 2,Match
Ruang 2,15:36:32,Ruang 2,Match
Ruang 2,15:36:32,Ruang 2,Match
Ruang 2,15:36:32,Ruang 2,Match
Ruang 2,15:36:32,Ruang 2,Match
Ruang 2,15:36:32,Ruang 2,Match
Ruang 2,15:36:32,Ruang 2,Match
Ruang 2,15:36:32,Ruang 2,Match
Ruang 2,15:36:32,Ruang 2,Match
Ruang 2,15:36:32,Ruang 2,Match
Ruang 1,15:36:32,Ruang 2,Mismatch
Ruang 1,15:36:32,Ruang 2,Mismatch
Ruang 1,15:36:32,Ruang 2,Mismatch
Ruang 1,15:36:32,Ruang 2,Mismatch
Ruang 1,15:36:32,Ruang 2,Mismatch
Ruang 1,15:36:32,Ruang 2,Mismatch
Ruang 1,15:36:32,Ruang 2,Mismatch
Ruang 1,15:36:32,Ruang 2,Mismatch
Ruang 1,15:36:32,Ruang 2,Mismatch
Ruang 2,15:36:32,Ruang 2,Match
Ruang 2,15:36:33,Ruang 2,Match
Ruang 2,15:36:33,Ruang 2,Match
Ruang 2,15:36:33,Ruang 2,Match
Ruang 2,15:36:33,Ruang 2,Match
Ruang 2,15:36:33,Ruang 2,Match
Ruang 2,15:36:33,Ruang 2,Match
Ruang 2,15:36:33,Ruang 2,Match
Ruang 2,15:36:33,Ruang 2,Match
Lorong,15:36:33,Ruang 2,Mismatch
Ruang 2,15:36:33,Ruang 2,Match
Ruang 2,15:36:33,Ruang 2,Match
Ruang 2,15:36:33,Ruang 2,Match
Ruang 2,15:36:34,Ruang 2,Match
Ruang 2,15:36:34,Ruang 2,Match
Ruang 2,15:36:34,Ruang 2,Match
Ruang 2,15:36:34,Ruang 2,Match
Ruang 2,15:36:34,Ruang 2,Match
Ruang 2,15:36:34,Ruang 2,Match
Ruang 2,15:36:34,Ruang 2,Match
Ruang 2,15:36:34,Ruang 2,Match
Ruang 2,15:36:34,Ruang 2,Match
Ruang 2,15:36:34,Ruang 2,Match
Ruang 2,15:36:34,Ruang 2,Match
Ruang 2,15:36:34,Ruang 2,Match
Ruang 2,15:36:34,Ruang 2,Match
Ruang 2,15:36:34,Ruang 2,Match
Ruang 2,15:36:34,Ruang 2,Match
Ruang 2,15:36:34,Ruang 2,Match
Ruang 2,15:36:34,Ruang 2,Match
Ruang 2,15:36:34,Ruang 2,Match
Ruang 2,15:36:34,Ruang 2,Match
Ruang 2,15:36:34,Ruang 2,Match
Ruang 2,15:36:35,Ruang 2,Match
Ruang 2,15:36:35,Ruang 2,Match
Ruang 2,15:36:35,Ruang 2,Match
Ruang 1,15:36:35,Ruang 2,Mismatch
Ruang 1,15:36:35,Ruang 2,Mismatch
Ruang 1,15:36:35,Ruang 2,Mismatch
Ruang 1,15:36:35,Ruang 2,Mismatch
Ruang 2,15:36:35,Ruang 2,Match
Ruang 2,15:36:35,Ruang 2,Match
Ruang 2,15:36:35,Ruang 2,Match
Ruang 1,15:36:35,Ruang 2,Mismatch
Ruang 1,15:36:35,Ruang 2,Mismatch
Ruang 1,15:36:35,Ruang 2,Mismatch
Ruang 2,15:36:35,Ruang 2,Match
Ruang 2,15:36:35,Ruang 2,Match
Ruang 2,15:36:35,Ruang 2,Match
Ruang 2,15:36:35,Ruang 2,Match
Ruang 2,15:36:36,Ruang 2,Match
Ruang 2,15:36:36,Ruang 2,Match
Ruang 2,15:36:36,Ruang 2,Match
Ruang 2,15:36:36,Ruang 2,Match
Ruang 2,15:36:36,Ruang 2,Match
Ruang 2,15:36:36,Ruang 2,Match
Ruang 2,15:36:36,Ruang 2,Match
Ruang 2,15:36:36,Ruang 2,Match
Ruang 2,15:36:36,Ruang 2,Match
Ruang 2,15:36:36,Ruang 2,Match
Ruang 2,15:36:36,Ruang 2,Match
Ruang 2,15:36:36,Ruang 2,Match
Ruang 2,15:36:36,Ruang 2,Match
Ruang 2,15:36:36,Ruang 2,Match
Ruang 2,15:36:36,Ruang 2,Match
Ruang 2,15:36:36,Ruang 2,Match
Ruang 2,15:36:36,Ruang 2,Match
Ruang 2,15:36:36,Ruang 2,Match
Ruang 2,15:36:36,Ruang 2,Match
Ruang 2,15:36:37,Ruang 2,Match
Ruang 2,15:36:37,Ruang 2,Match
Ruang 2,15:36:37,Ruang 2,Match
Ruang 1,15:36:37,Ruang 2,Mismatch
Ruang 2,15:36:37,Ruang 2,Match
Ruang 2,15:36:37,Ruang 2,Match
Ruang 2,15:36:37,Ruang 2,Match
Ruang 2,15:36:37,Ruang 2,Match
Ruang 2,15:36:37,Ruang 2,Match
Ruang 2,15:36:37,Ruang 2,Match
Ruang 2,15:36:37,Ruang 2,Match
Ruang 2,15:36:37,Ruang 2,Match
Ruang 2,15:36:38,Ruang 2,Match
Ruang 2,15:36:38,Ruang 2,Match
Ruang 2,15:36:38,Ruang 2,Match
Ruang 2,15:36:38,Ruang 2,Match
Ruang 2,15:36:39,Ruang 2,Match
Ruang 2,15:36:39,Ruang 2,Match
Ruang 2,15:36:39,Ruang 2,Match
Ruang 1,15:36:39,Ruang 2,Mismatch
Ruang 2,15:36:39,Ruang 2,Match
Ruang 2,15:36:39,Ruang 2,Match
Ruang 2,15:36:39,Ruang 2,Match
Ruang 2,15:36:39,Ruang 2,Match
Ruang 2,15:36:39,Ruang 2,Match
Ruang 2,15:36:39,Ruang 2,Match
Ruang 2,15:36:39,Ruang 2,Match
Ruang 2,15:36:39,Ruang 2,Match
Ruang 2,15:36:39,Ruang 2,Match
Ruang 2,15:36:39,Ruang 2,Match
Ruang 2,15:36:39,Ruang 2,Match
Ruang 2,15:36:39,Ruang 2,Match
Ruang 2,15:36:39,Ruang 2,Match
Ruang 2,15:36:39,Ruang 2,Match
Ruang 2,15:36:40,Ruang 2,Match
Ruang 2,15:36:40,Ruang 2,Match
Ruang 2,15:36:40,Ruang 2,Match
Ruang 2,15:36:40,Ruang 2,Match
Ruang 2,15:36:40,Ruang 2,Match
Ruang 2,15:36:40,Ruang 2,Match
Ruang 2,15:36:40,Ruang 2,Match
Ruang 2,15:36:40,Ruang 2,Match
Ruang 2,15:36:40,Ruang 2,Match
Ruang 2,15:36:40,Ruang 2,Match
Ruang 2,15:36:40,Ruang 2,Match
Ruang 2,15:36:40,Ruang 2,Match
Ruang 2,15:36:40,Ruang 2,Match
Ruang 2,15:36:41,Ruang 2,Match
Ruang 2,15:36:41,Ruang 2,Match
Ruang 2,15:36:41,Ruang 2,Match
Ruang 2,15:36:41,Ruang 2,Match
Ruang 2,15:36:41,Ruang 2,Match
Ruang 2,15:36:41,Ruang 2,Match
Ruang 2,15:36:41,Ruang 2,Match
Ruang 2,15:36:41,Ruang 2,Match
Ruang 2,15:36:41,Ruang 2,Match
Ruang 2,15:36:42,Ruang 2,Match
Ruang 2,15:36:42,Ruang 2,Match
Ruang 2,15:36:42,Ruang 2,Match
Ruang 2,15:36:42,Ruang 2,Match
Ruang 2,15:36:42,Ruang 2,Match
Ruang 2,15:36:42,Ruang 2,Match
Ruang 2,15:36:42,Ruang 2,Match
Ruang 2,15:36:43,Ruang 2,Match
Ruang 2,15:36:43,Ruang 2,Match
Ruang 2,15:36:43,Ruang 2,Match
Ruang 2,15:36:43,Ruang 2,Match
Ruang 2,15:36:43,Ruang 2,Match
Ruang 2,15:36:43,Ruang 2,Match
Ruang 2,15:36:43,Ruang 2,Match
Ruang 2,15:36:44,Ruang 2,Match
Ruang 2,15:36:45,Ruang 2,Match
Ruang 2,15:36:45,Ruang 2,Match
Ruang 2,15:36:45,Ruang 2,Match
Ruang 2,15:36:45,Ruang 2,Match
Ruang 2,15:36:45,Ruang 2,Match
Ruang 2,15:36:45,Ruang 2,Match
Ruang 2,15:36:45,Ruang 2,Match
Ruang 2,15:36:45,Ruang 2,Match
Ruang 2,15:36:45,Ruang 2,Match
Ruang 2,15:36:45,Ruang 2,Match
Ruang 2,15:36:45,Ruang 2,Match
Ruang 2,15:36:45,Ruang 2,Match
Ruang 2,15:36:46,Ruang 2,Match
Ruang 2,15:36:46,Ruang 2,Match
Ruang 2,15:36:46,Ruang 2,Match
Ruang 2,15:36:46,Ruang 2,Match
Ruang 2,15:36:46,Ruang 2,Match
Ruang 1,15:36:46,Ruang 2,Mismatch
Ruang 2,15:36:46,Ruang 2,Match
Ruang 2,15:36:46,Ruang 2,Match
Ruang 2,15:36:46,Ruang 2,Match
Ruang 2,15:36:46,Ruang 2,Match
Ruang 2,15:36:46,Ruang 2,Match
Ruang 2,15:36:46,Ruang 2,Match
Ruang 2,15:36:46,Ruang 2,Match
Ruang 2,15:36:46,Ruang 2,Match
Ruang 2,15:36:47,Ruang 2,Match
Ruang 2,15:36:47,Ruang 2,Match
Ruang 2,15:36:47,Ruang 2,Match
Ruang 2,15:36:47,Ruang 2,Match
Ruang 2,15:36:47,Ruang 2,Match
Ruang 2,15:36:47,Ruang 2,Match
Ruang 2,15:36:47,Ruang 2,Match
Ruang 2,15:36:47,Ruang 2,Match
Ruang 2,15:36:47,Ruang 2,Match
Ruang 2,15:36:47,Ruang 2,Match
Ruang 2,15:36:47,Ruang 2,Match
Ruang 2,15:36:47,Ruang 2,Match
Ruang 2,15:36:47,Ruang 2,Match
Ruang 2,15:36:47,Ruang 2,Match
Ruang 2,15:36:47,Ruang 2,Match
Ruang 2,15:36:47,Ruang 2,Match
Ruang 2,15:36:47,Ruang 2,Match
Ruang 2,15:36:47,Ruang 2,Match
Ruang 2,15:36:47,Ruang 2,Match
Ruang 2,15:36:48,Ruang 2,Match
Ruang 2,15:36:48,Ruang 2,Match
Ruang 2,15:36:48,Ruang 2,Match
Ruang 2,15:36:48,Ruang 2,Match
Ruang 2,15:36:48,Ruang 2,Match
Ruang 2,15:36:48,Ruang 2,Match
Ruang 2,15:36:48,Ruang 2,Match
Ruang 2,15:36:48,Ruang 2,Match
Ruang 2,15:36:48,Ruang 2,Match
Ruang 2,15:36:48,Ruang 2,Match
Ruang 2,15:36:48,Ruang 2,Match
Ruang 2,15:36:48,Ruang 2,Match
Ruang 2,15:36:48,Ruang 2,Match
Ruang 2,15:36:48,Ruang 2,Match
Ruang 2,15:36:48,Ruang 2,Match
Ruang 2,15:36:48,Ruang 2,Match
Ruang 2,15:36:48,Ruang 2,Match
Ruang 2,15:36:48,Ruang 2,Match
Ruang 2,15:36:48,Ruang 2,Match
Ruang 2,15:36:48,Ruang 2,Match
Ruang 2,15:36:48,Ruang 2,Match
Ruang 2,15:36:48,Ruang 2,Match
Ruang 2,15:36:48,Ruang 2,Match
Ruang 2,15:36:49,Ruang 2,Match
Ruang 2,15:36:49,Ruang 2,Match
Ruang 2,15:36:49,Ruang 2,Match
Ruang 2,15:36:49,Ruang 2,Match
Ruang 2,15:36:49,Ruang 2,Match
Ruang 2,15:36:49,Ruang 2,Match
Ruang 2,15:36:49,Ruang 2,Match
Ruang 2,15:36:49,Ruang 2,Match
Ruang 2,15:36:49,Ruang 2,Match
Ruang 2,15:36:49,Ruang 2,Match
Ruang 2,15:36:49,Ruang 2,Match
Ruang 2,15:36:49,Ruang 2,Match
Ruang 2,15:36:49,Ruang 2,Match
Ruang 2,15:36:50,Ruang 2,Match
Ruang 2,15:36:50,Ruang 2,Match
Ruang 2,15:36:50,Ruang 2,Match
Ruang 2,15:36:50,Ruang 2,Match
Ruang 2,15:36:50,Ruang 2,Match
Ruang 2,15:36:50,Ruang 2,Match
Ruang 2,15:36:50,Ruang 2,Match
Ruang 2,15:36:50,Ruang 2,Match
Ruang 2,15:36:50,Ruang 2,Match
Ruang 2,15:36:50,Ruang 2,Match
Ruang 2,15:36:51,Ruang 2,Match
Ruang 2,15:36:51,Ruang 2,Match
Ruang 2,15:36:51,Ruang 2,Match
Ruang 2,15:36:51,Ruang 2,Match
Ruang 2,15:36:51,Ruang 2,Match
Ruang 2,15:36:51,Ruang 2,Match
Ruang 2,15:36:51,Ruang 2,Match
Ruang 2,15:36:51,Ruang 2,Match
Ruang 2,15:36:51,Ruang 2,Match
Ruang 2,15:36:51,Ruang 2,Match
Lorong,15:36:51,Ruang 2,Mismatch
Lorong,15:36:51,Ruang 2,Mismatch
Ruang 2,15:36:51,Ruang 2,Match
Ruang 2,15:36:51,Ruang 2,Match
Ruang 2,15:36:51,Ruang 2,Match
Ruang 2,15:36:51,Ruang 2,Match
Ruang 2,15:36:52,Ruang 2,Match
Ruang 2,15:36:52,Ruang 2,Match
Ruang 2,15:36:52,Ruang 2,Match
Ruang 2,15:36:52,Ruang 2,Match
Ruang 2,15:36:52,Ruang 2,Match
Ruang 2,15:36:52,Ruang 2,Match
Ruang 2,15:36:52,Ruang 2,Match
Ruang 2,15:36:52,Ruang 2,Match
Ruang 2,15:36:52,Ruang 2,Match
Ruang 2,15:36:52,Ruang 2,Match
Ruang 1,15:36:52,Ruang 2,Mismatch
Ruang 1,15:36:52,Ruang 2,Mismatch
Ruang 2,15:36:52,Ruang 2,Match
Ruang 2,15:36:52,Ruang 2,Match
Ruang 2,15:36:52,Ruang 2,Match
Ruang 2,15:36:53,Ruang 2,Match
Ruang 2,15:36:53,Ruang 2,Match
Ruang 1,15:36:53,Ruang 2,Mismatch
Ruang 1,15:36:53,Ruang 2,Mismatch
Ruang 1,15:36:53,Ruang 2,Mismatch
Ruang 1,15:36:53,Ruang 2,Mismatch
Ruang 1,15:36:53,Ruang 2,Mismatch
Ruang 2,15:36:53,Ruang 2,Match
Ruang 1,15:36:53,Ruang 2,Mismatch
Ruang 2,15:36:53,Ruang 2,Match
Ruang 1,15:36:53,Ruang 2,Mismatch
Ruang 2,15:36:53,Ruang 2,Match
Ruang 1,15:36:53,Ruang 2,Mismatch
Ruang 2,15:36:53,Ruang 2,Match
Ruang 2,15:36:54,Ruang 2,Match
Ruang 2,15:36:54,Ruang 2,Match
Ruang 2,15:36:54,Ruang 2,Match
Ruang 2,15:36:54,Ruang 2,Match
Ruang 2,15:36:54,Ruang 2,Match
Ruang 2,15:36:54,Ruang 2,Match
Ruang 2,15:36:54,Ruang 2,Match
Ruang 2,15:36:54,Ruang 2,Match
Ruang 2,15:36:54,Ruang 2,Match
Ruang 2,15:36:54,Ruang 2,Match
Ruang 2,15:36:54,Ruang 2,Match
Ruang 2,15:36:54,Ruang 2,Match
Ruang 2,15:36:54,Ruang 2,Match
Ruang 2,15:36:54,Ruang 2,Match
Ruang 2,15:36:54,Ruang 2,Match
Ruang 2,15:36:54,Ruang 2,Match
Ruang 2,15:36:54,Ruang 2,Match
Ruang 2,15:36:54,Ruang 2,Match
Ruang 2,15:36:54,Ruang 2,Match
Ruang 2,15:36:54,Ruang 2,Match
Ruang 2,15:36:54,Ruang 2,Match
Ruang 2,15:36:54,Ruang 2,Match
Ruang 2,15:36:54,Ruang 2,Match
Ruang 2,15:36:55,Ruang 2,Match
Ruang 2,15:36:55,Ruang 2,Match
Ruang 2,15:36:55,Ruang 2,Match
Ruang 2,15:36:55,Ruang 2,Match
Ruang 1,15:36:55,Ruang 2,Mismatch
Ruang 2,15:36:55,Ruang 2,Match
Ruang 2,15:36:55,Ruang 2,Match
Ruang 2,15:36:55,Ruang 2,Match
Ruang 2,15:36:55,Ruang 2,Match
Ruang 2,15:36:55,Ruang 2,Match
Ruang 2,15:36:55,Ruang 2,Match
Ruang 2,15:36:55,Ruang 2,Match
Ruang 2,15:36:55,Ruang 2,Match
Lorong,15:36:55,Ruang 2,Mismatch
Lorong,15:36:55,Ruang 2,Mismatch
Lorong,15:36:55,Ruang 2,Mismatch
Ruang 2,15:36:55,Ruang 2,Match
Ruang 1,15:36:55,Ruang 2,Mismatch
Ruang 2,15:36:56,Ruang 2,Match
Ruang 1,15:36:56,Ruang 2,Mismatch
Ruang 2,15:36:56,Ruang 2,Match
Ruang 2,15:36:56,Ruang 2,Match
Ruang 2,15:36:56,Ruang 2,Match
Ruang 2,15:36:56,Ruang 2,Match
Ruang 2,15:36:56,Ruang 2,Match
Ruang 2,15:36:56,Ruang 2,Match
Ruang 2,15:36:56,Ruang 2,Match
Ruang 2,15:36:56,Ruang 2,Match
Ruang 2,15:36:56,Ruang 2,Match
Ruang 1,15:36:56,Ruang 2,Mismatch
Ruang 2,15:36:56,Ruang 2,Match
Ruang 2,15:36:56,Ruang 2,Match
Ruang 2,15:36:56,Ruang 2,Match
Ruang 2,15:36:56,Ruang 2,Match
Ruang 2,15:36:56,Ruang 2,Match
Ruang 2,15:36:56,Ruang 2,Match
Ruang 2,15:36:56,Ruang 2,Match
Ruang 2,15:36:57,Ruang 2,Match
Ruang 2,15:36:57,Ruang 2,Match
Ruang 2,15:36:57,Ruang 2,Match
Lorong,15:36:57,Ruang 2,Mismatch
Ruang 2,15:36:57,Ruang 2,Match
Ruang 2,15:36:57,Ruang 2,Match
Ruang 2,15:36:57,Ruang 2,Match
Ruang 2,15:36:57,Ruang 2,Match
Ruang 2,15:36:57,Ruang 2,Match
Ruang 1,15:36:57,Ruang 2,Mismatch
Ruang 1,15:36:57,Ruang 2,Mismatch
Ruang 2,15:36:57,Ruang 2,Match
Ruang 1,15:36:57,Ruang 2,Mismatch
Ruang 1,15:36:57,Ruang 2,Mismatch
Ruang 1,15:36:57,Ruang 2,Mismatch
Ruang 1,15:36:57,Ruang 2,Mismatch
Ruang 2,15:36:57,Ruang 2,Match
Ruang 1,15:36:58,Ruang 2,Mismatch
Ruang 2,15:36:58,Ruang 2,Match
Ruang 2,15:36:58,Ruang 2,Match
Ruang 2,15:36:58,Ruang 2,Match
Ruang 2,15:36:58,Ruang 2,Match
Ruang 2,15:36:58,Ruang 2,Match
Ruang 2,15:36:58,Ruang 2,Match
Ruang 2,15:36:58,Ruang 2,Match
Ruang 2,15:36:58,Ruang 2,Match
Ruang 2,15:36:58,Ruang 2,Match
Ruang 2,15:36:58,Ruang 2,Match
Ruang 2,15:36:58,Ruang 2,Match
Ruang 1,15:36:58,Ruang 2,Mismatch
Ruang 1,15:36:58,Ruang 2,Mismatch
Ruang 2,15:36:58,Ruang 2,Match
Ruang 2,15:36:58,Ruang 2,Match
Ruang 2,15:36:58,Ruang 2,Match
Ruang 1,15:36:59,Ruang 2,Mismatch
Ruang 1,15:36:59,Ruang 2,Mismatch
Ruang 1,15:36:59,Ruang 2,Mismatch
Ruang 1,15:36:59,Ruang 2,Mismatch
Ruang 2,15:36:59,Ruang 2,Match
Ruang 2,15:36:59,Ruang 2,Match
Ruang 2,15:36:59,Ruang 2,Match
Ruang 2,15:36:59,Ruang 2,Match
Ruang 2,15:36:59,Ruang 2,Match
Ruang 2,15:36:59,Ruang 2,Match
Ruang 2,15:36:59,Ruang 2,Match
Ruang 2,15:36:59,Ruang 2,Match
Ruang 2,15:36:59,Ruang 2,Match
Ruang 2,15:36:59,Ruang 2,Match
Ruang 2,15:36:59,Ruang 2,Match
Ruang 2,15:36:59,Ruang 2,Match
Ruang 2,15:36:59,Ruang 2,Match
Ruang 2,15:37:00,Ruang 2,Match
Ruang 2,15:37:00,Ruang 2,Match
Ruang 2,15:37:00,Ruang 2,Match
Ruang 2,15:37:00,Ruang 2,Match
Ruang 2,15:37:00,Ruang 2,Match
Ruang 2,15:37:00,Ruang 2,Match
Ruang 2,15:37:00,Ruang 2,Match
Ruang 2,15:37:00,Ruang 2,Match
Ruang 2,15:37:00,Ruang 2,Match
Ruang 2,15:37:00,Ruang 2,Match
Ruang 2,15:37:00,Ruang 2,Match
Ruang 2,15:37:00,Ruang 2,Match
Ruang 2,15:37:00,Ruang 2,Match
Ruang 2,15:37:01,Ruang 2,Match
Ruang 2,15:37:01,Ruang 2,Match
Ruang 2,15:37:01,Ruang 2,Match
Ruang 2,15:37:01,Ruang 2,Match
Ruang 2,15:37:01,Ruang 2,Match
Ruang 2,15:37:01,Ruang 2,Match
Ruang 2,15:37:01,Ruang 2,Match
Ruang 2,15:37:01,Ruang 2,Match
Ruang 2,15:37:01,Ruang 2,Match
Ruang 1,15:37:01,Ruang 2,Mismatch
Ruang 2,15:37:01,Ruang 2,Match
Ruang 1,15:37:01,Ruang 2,Mismatch
Ruang 1,15:37:01,Ruang 2,Mismatch
Ruang 1,15:37:01,Ruang 2,Mismatch
Ruang 1,15:37:01,Ruang 2,Mismatch
Ruang 1,15:37:01,Ruang 2,Mismatch
Ruang 2,15:37:01,Ruang 2,Match
Ruang 2,15:37:01,Ruang 2,Match
Ruang 2,15:37:01,Ruang 2,Match
Ruang 1,15:37:02,Ruang 2,Mismatch
Ruang 2,15:37:02,Ruang 2,Match
Ruang 2,15:37:02,Ruang 2,Match
Ruang 2,15:37:02,Ruang 2,Match
Ruang 2,15:37:02,Ruang 2,Match
Ruang 2,15:37:02,Ruang 2,Match
Ruang 2,15:37:02,Ruang 2,Match
Ruang 2,15:37:02,Ruang 2,Match
Ruang 2,15:37:02,Ruang 2,Match
Ruang 2,15:37:02,Ruang 2,Match
Ruang 2,15:37:02,Ruang 2,Match
Ruang 2,15:37:02,Ruang 2,Match
Ruang 2,15:37:02,Ruang 2,Match
Ruang 2,15:37:02,Ruang 2,Match
Ruang 2,15:37:02,Ruang 2,Match
Ruang 2,15:37:02,Ruang 2,Match
Ruang 2,15:37:02,Ruang 2,Match
Ruang 2,15:37:02,Ruang 2,Match
Ruang 2,15:37:03,Ruang 2,Match
Ruang 2,15:37:03,Ruang 2,Match
Ruang 2,15:37:03,Ruang 2,Match
Ruang 2,15:37:03,Ruang 2,Match
Ruang 2,15:37:03,Ruang 2,Match
Ruang 2,15:37:03,Ruang 2,Match
Ruang 2,15:37:03,Ruang 2,Match
Ruang 2,15:37:03,Ruang 2,Match
Ruang 2,15:37:03,Ruang 2,Match
Ruang 2,15:37:03,Ruang 2,Match
Ruang 2,15:37:03,Ruang 2,Match
Ruang 2,15:37:03,Ruang 2,Match
Ruang 2,15:37:03,Ruang 2,Match
Ruang 2,15:37:03,Ruang 2,Match
Ruang 2,15:37:03,Ruang 2,Match
Ruang 1,15:37:03,Ruang 2,Mismatch
Ruang 1,15:37:03,Ruang 2,Mismatch
Ruang 2,15:37:03,Ruang 2,Match
Ruang 1,15:37:03,Ruang 2,Mismatch
Ruang 2,15:37:03,Ruang 2,Match
Ruang 2,15:37:03,Ruang 2,Match
Ruang 2,15:37:03,Ruang 2,Match
Ruang 2,15:37:03,Ruang 2,Match
Ruang 2,15:37:03,Ruang 2,Match
Ruang 2,15:37:03,Ruang 2,Match
Ruang 2,15:37:03,Ruang 2,Match
Ruang 2,15:37:03,Ruang 2,Match
Ruang 2,15:37:04,Ruang 2,Match
Ruang 2,15:37:04,Ruang 2,Match
Lorong,15:37:04,Ruang 2,Mismatch
Ruang 2,15:37:04,Ruang 2,Match
Ruang 2,15:37:04,Ruang 2,Match
Ruang 2,15:37:04,Ruang 2,Match
Ruang 2,15:37:04,Ruang 2,Match
Ruang 2,15:37:04,Ruang 2,Match
Ruang 2,15:37:04,Ruang 2,Match
Ruang 2,15:37:04,Ruang 2,Match
Ruang 2,15:37:04,Ruang 2,Match
Ruang 2,15:37:04,Ruang 2,Match
Ruang 2,15:37:04,Ruang 2,Match
Ruang 2,15:37:04,Ruang 2,Match
Ruang 2,15:37:04,Ruang 2,Match
Ruang 2,15:37:04,Ruang 2,Match
Ruang 2,15:37:04,Ruang 2,Match
Ruang 2,15:37:05,Ruang 2,Match
Ruang 2,15:37:05,Ruang 2,Match
Ruang 2,15:37:05,Ruang 2,Match
Ruang 1,15:37:05,Ruang 2,Mismatch
Ruang 1,15:37:05,Ruang 2,Mismatch
Ruang 1,15:37:05,Ruang 2,Mismatch
Ruang 1,15:37:05,Ruang 2,Mismatch
Ruang 2,15:37:05,Ruang 2,Match
Ruang 2,15:37:05,Ruang 2,Match
Ruang 2,15:37:05,Ruang 2,Match
Ruang 2,15:37:05,Ruang 2,Match
Ruang 2,15:37:05,Ruang 2,Match
Ruang 2,15:37:05,Ruang 2,Match
Ruang 2,15:37:05,Ruang 2,Match
Ruang 2,15:37:05,Ruang 2,Match
Ruang 2,15:37:05,Ruang 2,Match
Ruang 2,15:37:05,Ruang 2,Match
Ruang 2,15:37:05,Ruang 2,Match
Ruang 2,15:37:06,Ruang 2,Match
Ruang 2,15:37:06,Ruang 2,Match
Ruang 2,15:37:06,Ruang 2,Match
Ruang 2,15:37:06,Ruang 2,Match
Ruang 2,15:37:06,Ruang 2,Match
Ruang 2,15:37:06,Ruang 2,Match
Ruang 2,15:37:06,Ruang 2,Match
Ruang 2,15:37:06,Ruang 2,Match
Ruang 2,15:37:06,Ruang 2,Match
Ruang 2,15:37:06,Ruang 2,Match
Ruang 1,15:37:06,Ruang 2,Mismatch
Ruang 1,15:37:06,Ruang 2,Mismatch
Ruang 2,15:37:06,Ruang 2,Match
Ruang 1,15:37:06,Ruang 2,Mismatch
Ruang 2,15:37:06,Ruang 2,Match
Ruang 2,15:37:07,Ruang 2,Match
Ruang 2,15:37:07,Ruang 2,Match
Ruang 2,15:37:07,Ruang 2,Match
Ruang 2,15:37:07,Ruang 2,Match
Ruang 1,15:37:07,Ruang 2,Mismatch
Ruang 2,15:37:07,Ruang 2,Match
Ruang 2,15:37:07,Ruang 2,Match
Ruang 2,15:37:07,Ruang 2,Match
Ruang 1,15:37:07,Ruang 2,Mismatch
Ruang 1,15:37:08,Ruang 2,Mismatch
Ruang 1,15:37:08,Ruang 2,Mismatch
Ruang 2,15:37:08,Ruang 2,Match
Ruang 2,15:37:08,Ruang 2,Match
Ruang 2,15:37:08,Ruang 2,Match
Ruang 2,15:37:08,Ruang 2,Match
Ruang 2,15:37:08,Ruang 2,Match
Ruang 2,15:37:08,Ruang 2,Match
Ruang 2,15:37:08,Ruang 2,Match
Ruang 2,15:37:08,Ruang 2,Match
Ruang 2,15:37:08,Ruang 2,Match
Ruang 2,15:37:09,Ruang 2,Match
Ruang 2,15:37:09,Ruang 2,Match
Ruang 2,15:37:09,Ruang 2,Match
Ruang 2,15:37:09,Ruang 2,Match
Ruang 2,15:37:09,Ruang 2,Match
Ruang 2,15:37:09,Ruang 2,Match
Ruang 2,15:37:09,Ruang 2,Match
Ruang 2,15:37:09,Ruang 2,Match
Ruang 2,15:37:09,Ruang 2,Match
Ruang 2,15:37:09,Ruang 2,Match
Ruang 2,15:37:09,Ruang 2,Match
Ruang 2,15:37:09,Ruang 2,Match
Ruang 1,15:37:09,Ruang 2,Mismatch
Ruang 1,15:37:09,Ruang 2,Mismatch
Ruang 1,15:37:09,Ruang 2,Mismatch
Ruang 1,15:37:09,Ruang 2,Mismatch
Ruang 1,15:37:09,Ruang 2,Mismatch
Ruang 1,15:37:09,Ruang 2,Mismatch
Ruang 1,15:37:10,Ruang 2,Mismatch
Ruang 1,15:37:10,Ruang 2,Mismatch
Ruang 1,15:37:10,Ruang 2,Mismatch
Ruang 1,15:37:10,Ruang 2,Mismatch
Ruang 1,15:37:10,Ruang 2,Mismatch
Ruang 1,15:37:10,Ruang 2,Mismatch
Ruang 1,15:37:10,Ruang 2,Mismatch
Ruang 2,15:37:10,Ruang 2,Match
Ruang 2,15:37:10,Ruang 2,Match
Ruang 2,15:37:10,Ruang 2,Match
Ruang 2,15:37:10,Ruang 2,Match
Ruang 2,15:37:10,Ruang 2,Match
Ruang 2,15:37:10,Ruang 2,Match
Ruang 2,15:37:10,Ruang 2,Match
Ruang 2,15:37:10,Ruang 2,Match
Ruang 2,15:37:10,Ruang 2,Match
Ruang 2,15:37:10,Ruang 2,Match
Ruang 1,15:37:10,Ruang 2,Mismatch
Ruang 1,15:37:10,Ruang 2,Mismatch
Ruang 2,15:37:10,Ruang 2,Match
Ruang 2,15:37:11,Ruang 2,Match
Ruang 2,15:37:11,Ruang 2,Match
Ruang 2,15:37:11,Ruang 2,Match
Ruang 2,15:37:11,Ruang 2,Match
Ruang 2,15:37:11,Ruang 2,Match
Ruang 2,15:37:11,Ruang 2,Match
Ruang 1,15:37:11,Ruang 2,Mismatch
Ruang 1,15:37:11,Ruang 2,Mismatch
Ruang 1,15:37:11,Ruang 2,Mismatch
Ruang 2,15:37:11,Ruang 2,Match
Ruang 1,15:37:11,Ruang 2,Mismatch
Ruang 1,15:37:11,Ruang 2,Mismatch
Ruang 1,15:37:11,Ruang 2,Mismatch
Ruang 1,15:37:11,Ruang 2,Mismatch
Ruang 1,15:37:11,Ruang 2,Mismatch
Ruang 1,15:37:11,Ruang 2,Mismatch
Ruang 1,15:37:11,Ruang 2,Mismatch
Ruang 1,15:37:11,Ruang 2,Mismatch
Ruang 1,15:37:11,Ruang 2,Mismatch
Ruang 1,15:37:12,Ruang 2,Mismatch
Ruang 1,15:37:12,Ruang 2,Mismatch
Ruang 1,15:37:12,Ruang 2,Mismatch
Ruang 1,15:37:12,Ruang 2,Mismatch
Ruang 1,15:37:12,Ruang 2,Mismatch
Ruang 1,15:37:12,Ruang 2,Mismatch
Ruang 1,15:37:12,Ruang 2,Mismatch
Ruang 2,15:37:12,Ruang 2,Match
Ruang 2,15:37:12,Ruang 2,Match
Ruang 1,15:37:12,Ruang 2,Mismatch
Ruang 1,15:37:12,Ruang 2,Mismatch
Ruang 1,15:37:12,Ruang 2,Mismatch
Ruang 1,15:37:12,Ruang 2,Mismatch
Ruang 1,15:37:12,Ruang 2,Mismatch
Ruang 1,15:37:12,Ruang 2,Mismatch
Ruang 1,15:37:12,Ruang 2,Mismatch
Ruang 2,15:37:12,Ruang 2,Match
Ruang 2,15:37:12,Ruang 2,Match
Ruang 2,15:37:13,Ruang 2,Match
Ruang 2,15:37:13,Ruang 2,Match
Ruang 1,15:37:13,Ruang 2,Mismatch
Ruang 1,15:37:13,Ruang 2,Mismatch
Ruang 1,15:37:13,Ruang 2,Mismatch
Ruang 1,15:37:13,Ruang 2,Mismatch
Ruang 1,15:37:13,Ruang 2,Mismatch
Ruang 1,15:37:13,Ruang 2,Mismatch
Ruang 1,15:37:13,Ruang 2,Mismatch
Ruang 1,15:37:13,Ruang 2,Mismatch
Ruang 1,15:37:13,Ruang 2,Mismatch
Ruang 1,15:37:13,Ruang 2,Mismatch
Ruang 2,15:37:13,Ruang 2,Match
Ruang 2,15:37:13,Ruang 2,Match
Ruang 1,15:37:13,Ruang 2,Mismatch
Ruang 1,15:37:13,Ruang 2,Mismatch
Ruang 1,15:37:13,Ruang 2,Mismatch
Ruang 1,15:37:13,Ruang 2,Mismatch
Ruang 1,15:37:13,Ruang 2,Mismatch
Ruang 1,15:37:13,Ruang 2,Mismatch
Ruang 1,15:37:13,Ruang 2,Mismatch
Ruang 1,15:37:13,Ruang 2,Mismatch
Ruang 1,15:37:13,Ruang 2,Mismatch
Ruang 1,15:37:13,Ruang 2,Mismatch
Ruang 2,15:37:13,Ruang 2,Match
Ruang 2,15:37:13,Ruang 2,Match
Ruang 2,15:37:14,Ruang 2,Match
Ruang 1,15:37:14,Ruang 2,Mismatch
Ruang 2,15:37:14,Ruang 2,Match
Ruang 1,15:37:14,Ruang 2,Mismatch
Ruang 1,15:37:14,Ruang 2,Mismatch
Ruang 1,15:37:14,Ruang 2,Mismatch
Ruang 1,15:37:14,Ruang 2,Mismatch
Ruang 1,15:37:14,Ruang 2,Mismatch
Ruang 1,15:37:14,Ruang 2,Mismatch
Ruang 1,15:37:14,Ruang 2,Mismatch
Ruang 1,15:37:14,Ruang 2,Mismatch
Ruang 1,15:37:14,Ruang 2,Mismatch
Ruang 1,15:37:14,Ruang 2,Mismatch
Ruang 1,15:37:14,Ruang 2,Mismatch
Ruang 1,15:37:14,Ruang 2,Mismatch
Ruang 1,15:37:14,Ruang 2,Mismatch
Ruang 1,15:37:14,Ruang 2,Mismatch
Ruang 1,15:37:14,Ruang 2,Mismatch
Ruang 1,15:37:14,Ruang 2,Mismatch
Ruang 1,15:37:14,Ruang 2,Mismatch
Ruang 1,15:37:14,Ruang 2,Mismatch
Ruang 1,15:37:14,Ruang 2,Mismatch
Ruang 2,15:37:14,Ruang 2,Match
Ruang 1,15:37:14,Ruang 2,Mismatch
Ruang 1,15:37:15,Ruang 2,Mismatch
Ruang 1,15:37:15,Ruang 2,Mismatch
Ruang 2,15:37:15,Ruang 2,Match
Ruang 2,15:37:15,Ruang 2,Match
Ruang 2,15:37:15,Ruang 2,Match
Ruang 2,15:37:15,Ruang 2,Match
Ruang 2,15:37:15,Ruang 2,Match
Ruang 1,15:37:15,Ruang 2,Mismatch
Ruang 1,15:37:15,Ruang 2,Mismatch
Ruang 1,15:37:15,Ruang 2,Mismatch
Ruang 1,15:37:15,Ruang 2,Mismatch
Ruang 1,15:37:15,Ruang 2,Mismatch
Ruang 1,15:37:15,Ruang 2,Mismatch
Ruang 1,15:37:15,Ruang 2,Mismatch
Ruang 1,15:37:15,Ruang 2,Mismatch
Ruang 1,15:37:15,Ruang 2,Mismatch
Ruang 1,15:37:15,Ruang 2,Mismatch
Ruang 1,15:37:15,Ruang 2,Mismatch
Ruang 2,15:37:15,Ruang 2,Match
Ruang 2,15:37:15,Ruang 2,Match
Ruang 2,15:37:15,Ruang 2,Match
Ruang 1,15:37:15,Ruang 2,Mismatch
Ruang 1,15:37:15,Ruang 2,Mismatch
Ruang 1,15:37:15,Ruang 2,Mismatch
Ruang 2,15:37:15,Ruang 2,Match
Ruang 2,15:37:15,Ruang 2,Match
Ruang 2,15:37:16,Ruang 2,Match
Ruang 1,15:37:16,Ruang 2,Mismatch
Ruang 1,15:37:16,Ruang 2,Mismatch
Ruang 1,15:37:16,Ruang 2,Mismatch
Ruang 1,15:37:16,Ruang 2,Mismatch
Ruang 1,15:37:16,Ruang 2,Mismatch
Ruang 1,15:37:16,Ruang 2,Mismatch
Ruang 1,15:37:16,Ruang 2,Mismatch
Ruang 1,15:37:16,Ruang 2,Mismatch
Ruang 1,15:37:16,Ruang 2,Mismatch
Ruang 1,15:37:16,Ruang 2,Mismatch
Ruang 1,15:37:16,Ruang 2,Mismatch
Ruang 1,15:37:16,Ruang 2,Mismatch
Ruang 1,15:37:16,Ruang 2,Mismatch
Ruang 2,15:37:16,Ruang 2,Match
Ruang 2,15:37:16,Ruang 2,Match
Ruang 2,15:37:16,Ruang 2,Match
Ruang 2,15:37:16,Ruang 2,Match
Ruang 1,15:37:16,Ruang 2,Mismatch
Ruang 1,15:37:16,Ruang 2,Mismatch
Ruang 1,15:37:16,Ruang 2,Mismatch
Ruang 2,15:37:16,Ruang 2,Match
Ruang 2,15:37:16,Ruang 2,Match
Ruang 2,15:37:16,Ruang 2,Match
Ruang 2,15:37:16,Ruang 2,Match
Ruang 2,15:37:16,Ruang 2,Match
Ruang 2,15:37:17,Ruang 2,Match
Ruang 2,15:37:17,Ruang 2,Match
Ruang 2,15:37:17,Ruang 2,Match
Ruang 2,15:37:17,Ruang 2,Match
Ruang 2,15:37:17,Ruang 2,Match
Ruang 2,15:37:17,Ruang 2,Match
Ruang 2,15:37:17,Ruang 2,Match
Ruang 2,15:37:17,Ruang 2,Match
Ruang 2,15:37:17,Ruang 2,Match
Ruang 2,15:37:17,Ruang 2,Match
Ruang 2,15:37:17,Ruang 2,Match
Ruang 2,15:37:17,Ruang 2,Match
Ruang 2,15:37:17,Ruang 2,Match
Ruang 2,15:37:17,Ruang 2,Match
Ruang 2,15:37:17,Ruang 2,Match
Ruang 2,15:37:17,Ruang 2,Match
Ruang 2,15:37:17,Ruang 2,Match
Ruang 2,15:37:17,Ruang 2,Match
Ruang 2,15:37:17,Ruang 2,Match
Ruang 2,15:37:17,Ruang 2,Match
Ruang 2,15:37:17,Ruang 2,Match
Ruang 2,15:37:18,Ruang 2,Match
Ruang 2,15:37:18,Ruang 2,Match
Ruang 2,15:37:18,Ruang 2,Match
Ruang 2,15:37:18,Ruang 2,Match
Ruang 2,15:37:18,Ruang 2,Match
Ruang 2,15:37:18,Ruang 2,Match
Ruang 2,15:37:18,Ruang 2,Match
Ruang 2,15:37:18,Ruang 2,Match
Ruang 2,15:37:18,Ruang 2,Match
Ruang 2,15:37:18,Ruang 2,Match
Lorong,15:37:18,Ruang 2,Mismatch
Lorong,15:37:18,Ruang 2,Mismatch
Lorong,15:37:18,Ruang 2,Mismatch
Lorong,15:37:18,Ruang 2,Mismatch
Lorong,15:37:18,Ruang 2,Mismatch
Lorong,15:37:18,Ruang 2,Mismatch
Lorong,15:37:19,Ruang 2,Mismatch
Lorong,15:37:19,Ruang 2,Mismatch
Lorong,15:37:19,Ruang 2,Mismatch
Lorong,15:37:19,Ruang 2,Mismatch
Lorong,15:37:19,Ruang 2,Mismatch
Ruang 1,15:37:19,Ruang 2,Mismatch
Ruang 1,15:37:19,Ruang 2,Mismatch
Ruang 2,15:37:19,Ruang 2,Match
Ruang 2,15:37:19,Ruang 2,Match
Ruang 2,15:37:19,Ruang 2,Match
Ruang 2,15:37:19,Ruang 2,Match
Ruang 2,15:37:19,Ruang 2,Match
Ruang 2,15:37:19,Ruang 2,Match
Ruang 2,15:37:19,Ruang 2,Match
Ruang 1,15:37:19,Ruang 2,Mismatch
Ruang 1,15:37:19,Ruang 2,Mismatch
Ruang 2,15:37:20,Ruang 2,Match
Ruang 1,15:37:20,Ruang 2,Mismatch
Ruang 1,15:37:20,Ruang 2,Mismatch
Ruang 2,15:37:20,Ruang 2,Match
Ruang 2,15:37:20,Ruang 2,Match
Ruang 2,15:37:20,Ruang 2,Match
Ruang 2,15:37:20,Ruang 2,Match
Ruang 2,15:37:20,Ruang 2,Match
Ruang 2,15:37:20,Ruang 2,Match
Ruang 2,15:37:20,Ruang 2,Match
Ruang 2,15:37:20,Ruang 2,Match
Ruang 2,15:37:20,Ruang 2,Match
Ruang 2,15:37:20,Ruang 2,Match
Ruang 2,15:37:20,Ruang 2,Match
Ruang 2,15:37:20,Ruang 2,Match
Ruang 1,15:37:20,Ruang 2,Mismatch
Ruang 2,15:37:20,Ruang 2,Match
Ruang 1,15:37:20,Ruang 2,Mismatch
Ruang 2,15:37:20,Ruang 2,Match
Ruang 1,15:37:20,Ruang 2,Mismatch
Ruang 2,15:37:21,Ruang 2,Match
Ruang 2,15:37:21,Ruang 2,Match
Ruang 1,15:37:21,Ruang 2,Mismatch
Ruang 2,15:37:21,Ruang 2,Match
Ruang 2,15:37:21,Ruang 2,Match
Ruang 2,15:37:21,Ruang 2,Match
Ruang 2,15:37:21,Ruang 2,Match
Ruang 2,15:37:21,Ruang 2,Match
Ruang 1,15:37:21,Ruang 2,Mismatch
Ruang 2,15:37:21,Ruang 2,Match
Ruang 2,15:37:21,Ruang 2,Match
Ruang 1,15:37:21,Ruang 2,Mismatch
Ruang 2,15:37:21,Ruang 2,Match
Ruang 2,15:37:21,Ruang 2,Match
Ruang 2,15:37:21,Ruang 2,Match
Ruang 1,15:37:21,Ruang 2,Mismatch
Ruang 1,15:37:21,Ruang 2,Mismatch
Ruang 1,15:37:21,Ruang 2,Mismatch
Ruang 1,15:37:21,Ruang 2,Mismatch
Ruang 1,15:37:21,Ruang 2,Mismatch
Ruang 2,15:37:21,Ruang 2,Match
Ruang 2,15:37:21,Ruang 2,Match
Ruang 2,15:37:22,Ruang 2,Match
Ruang 2,15:37:22,Ruang 2,Match
Ruang 2,15:37:22,Ruang 2,Match
Ruang 1,15:37:22,Ruang 2,Mismatch
Ruang 1,15:37:22,Ruang 2,Mismatch
Ruang 1,15:37:22,Ruang 2,Mismatch
Ruang 1,15:37:22,Ruang 2,Mismatch
Ruang 1,15:37:22,Ruang 2,Mismatch
Ruang 1,15:37:22,Ruang 2,Mismatch
Ruang 1,15:37:22,Ruang 2,Mismatch
Ruang 1,15:37:22,Ruang 2,Mismatch
Ruang 2,15:37:22,Ruang 2,Match
Ruang 2,15:37:22,Ruang 2,Match
Ruang 2,15:37:22,Ruang 2,Match
Ruang 1,15:37:22,Ruang 2,Mismatch
Ruang 1,15:37:22,Ruang 2,Mismatch
Ruang 1,15:37:22,Ruang 2,Mismatch
Ruang 1,15:37:22,Ruang 2,Mismatch
Ruang 1,15:37:22,Ruang 2,Mismatch
Ruang 1,15:37:23,Ruang 2,Mismatch
Ruang 1,15:37:23,Ruang 2,Mismatch
Ruang 1,15:37:23,Ruang 2,Mismatch
Ruang 1,15:37:23,Ruang 2,Mismatch
Ruang 1,15:37:23,Ruang 2,Mismatch
Ruang 2,15:37:23,Ruang 2,Match
Ruang 2,15:37:23,Ruang 2,Match
Ruang 1,15:37:23,Ruang 2,Mismatch
Ruang 2,15:37:23,Ruang 2,Match
Ruang 2,15:37:23,Ruang 2,Match
Ruang 2,15:37:23,Ruang 2,Match
Ruang 2,15:37:23,Ruang 2,Match
Ruang 2,15:37:23,Ruang 2,Match
Ruang 2,15:37:23,Ruang 2,Match
Ruang 2,15:37:23,Ruang 2,Match
Ruang 2,15:37:23,Ruang 2,Match
Ruang 2,15:37:23,Ruang 2,Match
Ruang 2,15:37:23,Ruang 2,Match
Ruang 2,15:37:23,Ruang 2,Match
Ruang 2,15:37:23,Ruang 2,Match
Ruang 2,15:37:24,Ruang 2,Match
Ruang 2,15:37:24,Ruang 2,Match
Ruang 1,15:37:24,Ruang 2,Mismatch
Ruang 1,15:37:24,Ruang 2,Mismatch
Ruang 2,15:37:24,Ruang 2,Match
Ruang 2,15:37:24,Ruang 2,Match
Ruang 1,15:37:24,Ruang 2,Mismatch
Lorong,15:37:25,Ruang 2,Mismatch
Ruang 1,15:37:25,Ruang 2,Mismatch
Lorong,15:37:25,Ruang 2,Mismatch
Lorong,15:37:25,Ruang 2,Mismatch