Ruang 1,14:58:09
Ruang 1,14:58:09
Ruang 1,14:58:09
Ruang 1,14:58:10
Ruang 1,14:58:10
Ruang 1,14:58:10
Ruang 1,14:58:10
Ruang 1,14:58:10
Ruang 1,14:58:10
Ruang 1,14:58:10
Ruang 1,14:58:10
Ruang 1,14:58:10
Ruang 1,14:58:10
Ruang 1,14:58:10
Ruang 1,14:58:10
Ruang 1,14:58:10
Ruang 1,14:58:10
Ruang 1,14:58:10
Ruang 1,14:58:11
Ruang 1,14:58:11
Ruang 1,14:58:11
Ruang 1,14:58:11
Ruang 1,14:58:11
Ruang 1,14:58:11
Ruang 1,14:58:11
Ruang 1,14:58:11
Ruang 1,14:58:11
Ruang 1,14:58:11
Ruang 1,14:58:12
Ruang 1,14:58:12
Ruang 1,14:58:12
Ruang 1,14:58:12
Ruang 1,14:58:12
Ruang 1,14:58:12
Ruang 1,14:58:12
Ruang 1,14:58:12
Ruang 1,14:58:12
Ruang 1,14:58:13
Ruang 1,14:58:13
Ruang 1,14:58:13
Ruang 1,14:58:13
Ruang 1,14:58:13
Ruang 1,14:58:13
Ruang 1,14:58:13
Ruang 1,14:58:13
Ruang 1,14:58:13
Ruang 1,14:58:14
Ruang 1,14:58:14
Ruang 1,14:58:14
Ruang 1,14:58:14
Ruang 1,14:58:14
Ruang 1,14:58:15
Ruang 1,14:58:15
Ruang 1,14:58:15
Ruang 1,14:58:15
Ruang 1,14:58:15
Ruang 1,14:58:15
Ruang 1,14:58:15
Ruang 1,14:58:15
Ruang 1,14:58:15
Ruang 1,14:58:16
Ruang 1,14:58:16
Ruang 1,14:58:16
Ruang 1,14:58:16
Ruang 1,14:58:16
Lorong,14:58:16
Lorong,14:58:16
Lorong,14:58:17
Lorong,14:58:17
Ruang 1,14:58:17
Ruang 1,14:58:17
Ruang 1,14:58:18
Ruang 1,14:58:18
Ruang 1,14:58:18
Ruang 1,14:58:18
Ruang 1,14:58:18
Ruang 1,14:58:18
Ruang 1,14:58:18
Ruang 1,14:58:19
Ruang 1,14:58:19
Ruang 1,14:58:19
Ruang 1,14:58:19
Ruang 1,14:58:19
Ruang 1,14:58:19
Ruang 1,14:58:19
Ruang 1,14:58:19
Ruang 1,14:58:19
Ruang 1,14:58:19
Ruang 1,14:58:20
Ruang 1,14:58:20
Ruang 1,14:58:20
Ruang 1,14:58:20
Ruang 1,14:58:20
Ruang 1,14:58:20
Ruang 1,14:58:21
Ruang 1,14:58:21
Ruang 1,14:58:21
Ruang 1,14:58:21
Ruang 1,14:58:21
Ruang 1,14:58:21
Ruang 1,14:58:21
Ruang 1,14:58:21
Ruang 1,14:58:21
Ruang 1,14:58:22
Ruang 1,14:58:22
Ruang 1,14:58:22
Ruang 1,14:58:22
Ruang 1,14:58:22
Ruang 1,14:58:22
Ruang 1,14:58:23
Ruang 1,14:58:23
Ruang 1,14:58:23
Ruang 1,14:58:23
Ruang 1,14:58:23
Ruang 1,14:58:23
Ruang 1,14:58:24
Ruang 1,14:58:24
Ruang 1,14:58:24
Ruang 1,14:58:24
Ruang 1,14:58:24
Ruang 1,14:58:24
Ruang 1,14:58:25
Ruang 1,14:58:25
Ruang 1,14:58:25
Ruang 1,14:58:25
Ruang 1,14:58:25
Ruang 1,14:58:26
Ruang 1,14:58:26
Ruang 1,14:58:26
Ruang 1,14:58:26
Ruang 1,14:58:26
Lorong,14:58:27
Lorong,14:58:27
Lorong,14:58:27
Lorong,14:58:28
Lorong,14:58:28
Lorong,14:58:28
Lorong,14:58:28
Lorong,14:58:28
Lorong,14:58:28
Lorong,14:58:28
Lorong,14:58:29
Lorong,14:58:29
Lorong,14:58:29
Lorong,14:58:29
Lorong,14:58:29
Lorong,14:58:29
Lorong,14:58:30
Lorong,14:58:30
Lorong,14:58:30
Lorong,14:58:30
Lorong,14:58:30
Lorong,14:58:30
Lorong,14:58:30
Lorong,14:58:30
Lorong,14:58:31
Lorong,14:58:31
Lorong,14:58:31
Lorong,14:58:31
Lorong,14:58:31
Lorong,14:58:31
Lorong,14:58:31
Lorong,14:58:31
Lorong,14:58:31
Lorong,14:58:31
Lorong,14:58:31
Lorong,14:58:32
Lorong,14:58:32
Lorong,14:58:32
Lorong,14:58:32
Lorong,14:58:32
Lorong,14:58:32
Lorong,14:58:32
Lorong,14:58:32
Lorong,14:58:33
Lorong,14:58:33
Lorong,14:58:33
Lorong,14:58:33
Lorong,14:58:33
Lorong,14:58:33
Lorong,14:58:33
Lorong,14:58:33
Lorong,14:58:33
Lorong,14:58:34
Lorong,14:58:34
Lorong,14:58:34
Lorong,14:58:34
Lorong,14:58:34
Lorong,14:58:34
Lorong,14:58:34
Lorong,14:58:34
Lorong,14:58:34
Lorong,14:58:35
Lorong,14:58:35
Lorong,14:58:35
Lorong,14:58:35
Lorong,14:58:35
Lorong,14:58:35
Lorong,14:58:35
Lorong,14:58:35
Lorong,14:58:35
Lorong,14:58:35
Lorong,14:58:36
Lorong,14:58:36
Lorong,14:58:36
Lorong,14:58:36
Lorong,14:58:36
Lorong,14:58:36
Lorong,14:58:37
Lorong,14:58:37
Lorong,14:58:37
Lorong,14:58:37
Lorong,14:58:37
Ruang 2,14:58:37
Ruang 2,14:58:38
Ruang 2,14:58:38
Ruang 2,14:58:38
Ruang 2,14:58:38
Ruang 2,14:58:39
Ruang 2,14:58:39
Ruang 2,14:58:39
Lorong,14:58:39
Ruang 2,14:58:39
Lorong,14:58:39
Lorong,14:58:39
Ruang 2,14:58:39
Ruang 2,14:58:40
Ruang 2,14:58:40
Ruang 2,14:58:40
Lorong,14:58:40
Lorong,14:58:41
Ruang 2,14:58:41
Ruang 2,14:58:41
Ruang 2,14:58:41
Ruang 2,14:58:41
Ruang 2,14:58:41
Ruang 2,14:58:41
Ruang 2,14:58:41
Ruang 2,14:58:41
Ruang 2,14:58:41
Ruang 2,14:58:41
Ruang 2,14:58:41
Ruang 2,14:58:41
Ruang 2,14:58:41
Ruang 2,14:58:42
Ruang 2,14:58:42
Ruang 2,14:58:42
Ruang 2,14:58:42
Ruang 2,14:58:42
Ruang 2,14:58:42
Ruang 2,14:58:42
Ruang 2,14:58:42
Ruang 2,14:58:42
Ruang 2,14:58:42
Ruang 2,14:58:42
Ruang 2,14:58:42
Ruang 2,14:58:42
Ruang 2,14:58:42
Ruang 2,14:58:42
Ruang 2,14:58:42
Ruang 2,14:58:42
Ruang 2,14:58:43
Ruang 2,14:58:43
Ruang 2,14:58:43
Ruang 2,14:58:43
Ruang 2,14:58:43
Ruang 2,14:58:43
Ruang 2,14:58:43
Ruang 2,14:58:43
Ruang 2,14:58:43
Ruang 2,14:58:43
Ruang 2,14:58:44
Ruang 2,14:58:44
Ruang 2,14:58:44
Ruang 2,14:58:44
Ruang 2,14:58:44
Ruang 2,14:58:44
Ruang 2,14:58:44
Ruang 2,14:58:44
Ruang 2,14:58:44
Ruang 2,14:58:44
Ruang 2,14:58:44
Ruang 2,14:58:44
Ruang 2,14:58:44
Ruang 2,14:58:44
Ruang 2,14:58:45
Ruang 2,14:58:45
Ruang 2,14:58:45
Ruang 2,14:58:45
Ruang 2,14:58:45
Ruang 2,14:58:45
Ruang 2,14:58:45
Ruang 2,14:58:45
Ruang 2,14:58:45
Ruang 2,14:58:45
Ruang 2,14:58:45
Ruang 2,14:58:45
Ruang 2,14:58:46
Ruang 2,14:58:46
Ruang 2,14:58:46
Ruang 2,14:58:46
Ruang 2,14:58:46
Ruang 2,14:58:46
Ruang 2,14:58:46
Ruang 2,14:58:46
Ruang 2,14:58:46
Ruang 2,14:58:46
Ruang 2,14:58:46
Ruang 2,14:58:46
Ruang 2,14:58:47
Ruang 2,14:58:47
Ruang 2,14:58:47
Ruang 2,14:58:47
Ruang 2,14:58:47
Ruang 2,14:58:47
Ruang 2,14:58:47
Ruang 2,14:58:47
Ruang 2,14:58:47
Ruang 2,14:58:47
Ruang 2,14:58:47
Ruang 2,14:58:48
Ruang 2,14:58:48
Ruang 2,14:58:48
Ruang 2,14:58:48
Ruang 2,14:58:48
Ruang 2,14:58:48
Ruang 2,14:58:48
Ruang 2,14:58:48
Ruang 2,14:58:48
Ruang 2,14:58:49
Ruang 2,14:58:49
Ruang 2,14:58:49
Ruang 2,14:58:49
Ruang 2,14:58:49
Ruang 2,14:58:50
Ruang 2,14:58:50
Ruang 2,14:58:50
Ruang 2,14:58:50
Ruang 2,14:58:50
Ruang 2,14:58:50
Ruang 2,14:58:50
Ruang 2,14:58:50
Ruang 2,14:58:51
Ruang 2,14:58:51
Ruang 2,14:58:51
Ruang 1,14:58:51
Ruang 1,14:58:51
Ruang 1,14:58:51
Ruang 1,14:58:51
Ruang 1,14:58:51
Ruang 2,14:58:51
Ruang 2,14:58:51
Ruang 1,14:58:51
Ruang 2,14:58:51
Ruang 2,14:58:51
Ruang 2,14:58:51
Ruang 2,14:58:51
Ruang 2,14:58:52
Ruang 2,14:58:52
Ruang 2,14:58:52
Ruang 2,14:58:52
Ruang 2,14:58:52
Ruang 2,14:58:52
Ruang 2,14:58:52
Ruang 2,14:58:53
Ruang 2,14:58:53
Ruang 2,14:58:53
Ruang 2,14:58:53
Ruang 2,14:58:53
Ruang 2,14:58:53
Ruang 2,14:58:53
Ruang 2,14:58:53
Ruang 2,14:58:53
Ruang 2,14:58:53
Ruang 2,14:58:53
Ruang 2,14:58:53
Ruang 2,14:58:53
Ruang 2,14:58:54
Ruang 2,14:58:54
Ruang 2,14:58:54
Ruang 2,14:58:54
Ruang 2,14:58:54
Ruang 2,14:58:54
Ruang 2,14:58:54
Lorong,14:58:54
Lorong,14:58:55
Lorong,14:58:55
Lorong,14:58:55
Lorong,14:58:55
Lorong,14:58:55
Lorong,14:58:56
Lorong,14:58:56
Lorong,14:58:56
Lorong,14:58:56
Lorong,14:58:56
Lorong,14:58:57
Lorong,14:58:57
Lorong,14:58:57
Lorong,14:58:57
Lorong,14:58:57
Lorong,14:58:58
Lorong,14:58:58
Lorong,14:58:58
Lorong,14:58:58
Lorong,14:58:58
Lorong,14:58:58
Lorong,14:58:58
Lorong,14:58:58
Lorong,14:58:58
Lorong,14:58:58
Lorong,14:58:59
Lorong,14:58:59
Lorong,14:58:59
Lorong,14:58:59
Lorong,14:58:59
Lorong,14:58:59
Lorong,14:58:59
Lorong,14:58:59
Lorong,14:58:59
Lorong,14:58:59
Lorong,14:58:59
Lorong,14:59:00
Lorong,14:59:00
Lorong,14:59:00
Lorong,14:59:00
Lorong,14:59:00
Lorong,14:59:00
Lorong,14:59:00
Lorong,14:59:00
Lorong,14:59:01
Lorong,14:59:01
Ruang 1,14:59:01
Ruang 1,14:59:01
Ruang 1,14:59:01
Ruang 1,14:59:01
Lorong,14:59:01
Lorong,14:59:01
Lorong,14:59:02
Lorong,14:59:02
Lorong,14:59:02
Lorong,14:59:02
Ruang 1,14:59:03
Ruang 1,14:59:03
Ruang 1,14:59:03
Ruang 1,14:59:04
Ruang 1,14:59:04
Ruang 1,14:59:04
Ruang 1,14:59:04
Ruang 1,14:59:05
Ruang 1,14:59:05
Ruang 1,14:59:05
Ruang 1,14:59:05
Ruang 1,14:59:05
Ruang 1,14:59:05
Ruang 1,14:59:05
Ruang 1,14:59:06
Ruang 1,14:59:06
Ruang 1,14:59:06
Ruang 1,14:59:06
Ruang 1,14:59:06
Ruang 1,14:59:06
Ruang 1,14:59:06
Ruang 1,14:59:06
Ruang 1,14:59:06
Ruang 1,14:59:06
Ruang 1,14:59:06
Ruang 1,14:59:07
Ruang 1,14:59:07
Ruang 1,14:59:07
Ruang 1,14:59:07
Ruang 1,14:59:07
Ruang 1,14:59:07
Ruang 1,14:59:07
Ruang 1,14:59:07
Ruang 1,14:59:07
Ruang 1,14:59:07
Ruang 1,14:59:07
Ruang 1,14:59:07
Ruang 1,14:59:07
Ruang 1,14:59:08
Ruang 1,14:59:08
Ruang 1,14:59:08
Ruang 1,14:59:08
Ruang 1,14:59:08
Ruang 1,14:59:08
Ruang 1,14:59:08
Ruang 1,14:59:08
Ruang 1,14:59:08
Ruang 1,14:59:08
Ruang 1,14:59:08
Ruang 1,14:59:08
Ruang 1,14:59:08
Ruang 1,14:59:08
Ruang 1,14:59:08
Ruang 1,14:59:08
Ruang 1,14:59:08
Ruang 1,14:59:09
Ruang 1,14:59:09
Ruang 1,14:59:09
Ruang 1,14:59:09
Ruang 1,14:59:09
Ruang 1,14:59:10
Ruang 1,14:59:10
Ruang 1,14:59:10
Ruang 1,14:59:10
Ruang 1,14:59:10
Ruang 1,14:59:10
Ruang 1,14:59:10
Ruang 1,14:59:11
Ruang 1,14:59:11
Ruang 1,14:59:11
Ruang 1,14:59:11
Ruang 1,14:59:11
Ruang 1,14:59:11
Ruang 1,14:59:11
Ruang 1,14:59:12
Ruang 1,14:59:12
Ruang 1,14:59:12
Ruang 1,14:59:12
Ruang 1,14:59:12
Ruang 1,14:59:13
Ruang 1,14:59:13
Ruang 1,14:59:13
Ruang 1,14:59:13
Ruang 1,14:59:14
Ruang 1,14:59:14
Ruang 1,14:59:15
Ruang 1,14:59:16
Ruang 1,14:59:16
Ruang 1,14:59:16
Ruang 1,14:59:16
Ruang 1,14:59:16
Ruang 1,14:59:16
Ruang 1,14:59:16
Ruang 1,14:59:17
Ruang 1,14:59:17
Ruang 1,14:59:17
Ruang 1,14:59:17
Ruang 1,14:59:18
Ruang 1,14:59:18
Ruang 1,14:59:18
Ruang 1,14:59:18
Ruang 1,14:59:18
Ruang 1,14:59:19
Ruang 1,14:59:19
Ruang 1,14:59:19
Ruang 1,14:59:19
Ruang 1,14:59:19
Ruang 1,14:59:19
Ruang 1,14:59:19
Ruang 1,14:59:19
Ruang 1,14:59:20
Ruang 1,14:59:20
Ruang 1,14:59:20
Ruang 1,14:59:20
Ruang 1,14:59:20
Ruang 1,14:59:20
Ruang 1,14:59:21
Ruang 1,14:59:21
Ruang 1,14:59:21
Ruang 1,14:59:21
Ruang 1,14:59:21
Ruang 1,14:59:21
Ruang 1,14:59:22
Ruang 1,14:59:22
Ruang 1,14:59:22
Ruang 1,14:59:22
Ruang 1,14:59:22
Ruang 1,14:59:22
Ruang 1,14:59:22
Ruang 1,14:59:23
Ruang 1,14:59:23
Ruang 1,14:59:23
Ruang 1,14:59:23
Ruang 1,14:59:23
Ruang 1,14:59:23
Ruang 1,14:59:23
Ruang 1,14:59:23
Ruang 1,14:59:23
Ruang 1,14:59:24
Ruang 1,14:59:24
Ruang 1,14:59:24
Ruang 1,14:59:24
Ruang 1,14:59:24
Ruang 1,14:59:24
Ruang 1,14:59:24
Ruang 1,14:59:24
Ruang 1,14:59:25
Ruang 1,14:59:25
Ruang 1,14:59:25
Ruang 1,14:59:25
Ruang 1,14:59:25
Ruang 1,14:59:25
Ruang 1,14:59:25
Ruang 1,14:59:25
Ruang 1,14:59:25
Ruang 1,14:59:25
Ruang 1,14:59:25
Ruang 1,14:59:25
Ruang 1,14:59:25
Ruang 1,14:59:26
Ruang 1,14:59:26
Ruang 1,14:59:26
Ruang 1,14:59:26
Ruang 1,14:59:26
Ruang 1,14:59:26
Ruang 1,14:59:26
Ruang 1,14:59:26
Ruang 1,14:59:26
Ruang 1,14:59:26
Ruang 1,14:59:26
Ruang 1,14:59:26
Ruang 1,14:59:26
Ruang 1,14:59:26
Ruang 1,14:59:27
Ruang 1,14:59:27
Ruang 1,14:59:27
Ruang 1,14:59:27
Ruang 1,14:59:27
Ruang 1,14:59:27
Ruang 1,14:59:27
Ruang 1,14:59:27
Ruang 1,14:59:28
